url,id,title,active,updated_at,created_at,default,position,description,actions,restriction,raw_title
https://d3v-tomasbaidal.zendesk.com/api/v2/macros/4690004656285.json,4690004656285,Close and redirect to topics,True,2022-05-15T09:27:53Z,2022-03-28T13:47:03Z,False,9999,,"[{'field': 'status', 'value': 'solved'}, {'field': 'priority', 'value': 'normal'}, {'field': 'type', 'value': 'incident'}, {'field': 'assignee_id', 'value': 'current_user'}, {'field': 'group_id', 'value': 'current_groups'}, {'field': 'comment_value', 'value': 'Thanks for your request. This issue you reported is a known issue. For more information, please visit our forums. '}]",,Close and redirect to topics
https://d3v-tomasbaidal.zendesk.com/api/v2/macros/6309442469789.json,6309442469789,CS::FI Refund request,True,2022-08-14T14:07:36Z,2022-08-13T18:21:08Z,False,10001,Request a refund to Finance (GERMANY),"[{'field': 'assignee_id', 'value': 'current_user'}, {'field': 'comment_mode_is_public', 'value': 'false'}, {'field': 'comment_value_html', 'value': '<p>REFUND REQUEST</p><p><br></p><p>Customer name:</p><p>More info</p><p>Order number:<br></p><p><br></p><p><br></p><p>What happened?</p><p>Why did it happen?</p><p>Which are you next steps or which steps have been initiated by you?</p><p>Are the other pending problems / incidents with the customer?</p><p><br></p><p><br></p><p>Amount to refund:</p><p><br></p><p><br></p>'}, {'field': 'current_tags', 'value': 'cs_to_fi_refund'}, {'field': 'group_id', 'value': '6308266872349'}, {'field': 'status', 'value': 'open'}]",,CS::FI Refund request
https://d3v-tomasbaidal.zendesk.com/api/v2/macros/4690004659229.json,4690004659229,Customer not responding,True,2022-05-15T09:27:53Z,2022-03-28T13:47:03Z,False,9999,,"[{'field': 'status', 'value': 'pending'}, {'field': 'comment_value', 'value': ""Hello {{ticket.requester.name}}. Our agent {{current_user.name}} has tried to contact you about this request but we haven't heard back from you yet. Please let us know if we can be of further assistance. Thanks. ""}]",,Customer not responding
https://d3v-tomasbaidal.zendesk.com/api/v2/macros/4690004657053.json,4690004657053,Downgrade and inform,True,2022-05-15T09:27:53Z,2022-03-28T13:47:03Z,False,9999,,"[{'field': 'priority', 'value': 'low'}, {'field': 'comment_value', 'value': ""We're currently experiencing unusually high traffic. We'll get back to you as soon as possible.""}]",,Downgrade and inform
https://d3v-tomasbaidal.zendesk.com/api/v2/macros/6314671549981.json,6314671549981,FI::CS Refund confirmed,True,2022-08-14T11:40:11Z,2022-08-14T10:58:48Z,False,10002,Confirm a refund to Customer Service (Germany=,"[{'field': 'assignee_id', 'value': 'current_user'}, {'field': 'comment_mode_is_public', 'value': 'false'}, {'field': 'comment_value_html', 'value': '<p>REFUND CONFIRMED</p><p><br></p><p><br></p><p><br></p><p>(text)</p><p><br></p><p><br></p><p><br></p><p><br></p>'}, {'field': 'current_tags', 'value': 'fi_to_cs_refund_confirmed'}, {'field': 'group_id', 'value': '6308272530973'}, {'field': 'status', 'value': 'open'}]",,FI::CS Refund confirmed
https://d3v-tomasbaidal.zendesk.com/api/v2/macros/13406625088797.json,13406625088797,Macro_0,True,2023-09-06T21:58:44Z,2023-09-06T21:58:44Z,False,10003,,"[{'field': 'status', 'value': 'pending'}, {'field': 'comment_value', 'value': 'Este es un comentario automático generado por el macro.'}]",,Macro_0
https://d3v-tomasbaidal.zendesk.com/api/v2/macros/13406625094173.json,13406625094173,Macro_1,True,2023-09-06T21:58:45Z,2023-09-06T21:58:45Z,False,10004,,"[{'field': 'status', 'value': 'pending'}, {'field': 'comment_value', 'value': 'Este es un comentario automático generado por el macro.'}]",,Macro_1
https://d3v-tomasbaidal.zendesk.com/api/v2/macros/13406651457821.json,13406651457821,Macro_10,True,2023-09-06T21:58:47Z,2023-09-06T21:58:47Z,False,10013,,"[{'field': 'status', 'value': 'pending'}, {'field': 'comment_value', 'value': 'Este es un comentario automático generado por el macro.'}]",,Macro_10
https://d3v-tomasbaidal.zendesk.com/api/v2/macros/13406638415517.json,13406638415517,Macro_100,True,2023-09-06T21:59:11Z,2023-09-06T21:59:11Z,False,10103,,"[{'field': 'status', 'value': 'pending'}, {'field': 'comment_value', 'value': 'Este es un comentario automático generado por el macro.'}]",,Macro_100
https://d3v-tomasbaidal.zendesk.com/api/v2/macros/13406639927325.json,13406639927325,Macro_101,True,2023-09-06T21:59:11Z,2023-09-06T21:59:11Z,False,10104,,"[{'field': 'status', 'value': 'pending'}, {'field': 'comment_value', 'value': 'Este es un comentario automático generado por el macro.'}]",,Macro_101
https://d3v-tomasbaidal.zendesk.com/api/v2/macros/13406608710557.json,13406608710557,Macro_102,True,2023-09-06T21:59:11Z,2023-09-06T21:59:11Z,False,10105,,"[{'field': 'status', 'value': 'pending'}, {'field': 'comment_value', 'value': 'Este es un comentario automático generado por el macro.'}]",,Macro_102
https://d3v-tomasbaidal.zendesk.com/api/v2/macros/13406595939485.json,13406595939485,Macro_103,True,2023-09-06T21:59:12Z,2023-09-06T21:59:12Z,False,10106,,"[{'field': 'status', 'value': 'pending'}, {'field': 'comment_value', 'value': 'Este es un comentario automático generado por el macro.'}]",,Macro_103
https://d3v-tomasbaidal.zendesk.com/api/v2/macros/13406638433949.json,13406638433949,Macro_104,True,2023-09-06T21:59:12Z,2023-09-06T21:59:12Z,False,10107,,"[{'field': 'status', 'value': 'pending'}, {'field': 'comment_value', 'value': 'Este es un comentario automático generado por el macro.'}]",,Macro_104
https://d3v-tomasbaidal.zendesk.com/api/v2/macros/13406608723101.json,13406608723101,Macro_105,True,2023-09-06T21:59:12Z,2023-09-06T21:59:12Z,False,10108,,"[{'field': 'status', 'value': 'pending'}, {'field': 'comment_value', 'value': 'Este es un comentario automático generado por el macro.'}]",,Macro_105
https://d3v-tomasbaidal.zendesk.com/api/v2/macros/13406652050589.json,13406652050589,Macro_106,True,2023-09-06T21:59:12Z,2023-09-06T21:59:12Z,False,10109,,"[{'field': 'status', 'value': 'pending'}, {'field': 'comment_value', 'value': 'Este es un comentario automático generado por el macro.'}]",,Macro_106
https://d3v-tomasbaidal.zendesk.com/api/v2/macros/13406638448413.json,13406638448413,Macro_107,True,2023-09-06T21:59:12Z,2023-09-06T21:59:12Z,False,10110,,"[{'field': 'status', 'value': 'pending'}, {'field': 'comment_value', 'value': 'Este es un comentario automático generado por el macro.'}]",,Macro_107
https://d3v-tomasbaidal.zendesk.com/api/v2/macros/13406595960477.json,13406595960477,Macro_108,True,2023-09-06T21:59:13Z,2023-09-06T21:59:13Z,False,10111,,"[{'field': 'status', 'value': 'pending'}, {'field': 'comment_value', 'value': 'Este es un comentario automático generado por el macro.'}]",,Macro_108
https://d3v-tomasbaidal.zendesk.com/api/v2/macros/13406608742301.json,13406608742301,Macro_109,True,2023-09-06T21:59:13Z,2023-09-06T21:59:13Z,False,10112,,"[{'field': 'status', 'value': 'pending'}, {'field': 'comment_value', 'value': 'Este es un comentario automático generado por el macro.'}]",,Macro_109
https://d3v-tomasbaidal.zendesk.com/api/v2/macros/13406595342365.json,13406595342365,Macro_11,True,2023-09-06T21:58:48Z,2023-09-06T21:58:48Z,False,10014,,"[{'field': 'status', 'value': 'pending'}, {'field': 'comment_value', 'value': 'Este es un comentario automático generado por el macro.'}]",,Macro_11
https://d3v-tomasbaidal.zendesk.com/api/v2/macros/13406653878429.json,13406653878429,Macro_111,True,2023-09-06T22:00:23Z,2023-09-06T22:00:23Z,False,10113,,"[{'field': 'status', 'value': 'pending'}, {'field': 'comment_value', 'value': 'Este es un comentario automático generado por el macro.'}]",,Macro_111
https://d3v-tomasbaidal.zendesk.com/api/v2/macros/13406597553181.json,13406597553181,Macro_112,True,2023-09-06T22:00:23Z,2023-09-06T22:00:23Z,False,10114,,"[{'field': 'status', 'value': 'pending'}, {'field': 'comment_value', 'value': 'Este es un comentario automático generado por el macro.'}]",,Macro_112
https://d3v-tomasbaidal.zendesk.com/api/v2/macros/13406610339229.json,13406610339229,Macro_113,True,2023-09-06T22:00:23Z,2023-09-06T22:00:23Z,False,10115,,"[{'field': 'status', 'value': 'pending'}, {'field': 'comment_value', 'value': 'Este es un comentario automático generado por el macro.'}]",,Macro_113
https://d3v-tomasbaidal.zendesk.com/api/v2/macros/13406656917661.json,13406656917661,Macro_114,True,2023-09-06T22:00:24Z,2023-09-06T22:00:24Z,False,10116,,"[{'field': 'status', 'value': 'pending'}, {'field': 'comment_value', 'value': 'Este es un comentario automático generado por el macro.'}]",,Macro_114
https://d3v-tomasbaidal.zendesk.com/api/v2/macros/13406653912733.json,13406653912733,Macro_115,True,2023-09-06T22:00:24Z,2023-09-06T22:00:24Z,False,10117,,"[{'field': 'status', 'value': 'pending'}, {'field': 'comment_value', 'value': 'Este es un comentario automático generado por el macro.'}]",,Macro_115
https://d3v-tomasbaidal.zendesk.com/api/v2/macros/13406627400733.json,13406627400733,Macro_116,True,2023-09-06T22:00:24Z,2023-09-06T22:00:24Z,False,10118,,"[{'field': 'status', 'value': 'pending'}, {'field': 'comment_value', 'value': 'Este es un comentario automático generado por el macro.'}]",,Macro_116
https://d3v-tomasbaidal.zendesk.com/api/v2/macros/13406656936221.json,13406656936221,Macro_117,True,2023-09-06T22:00:24Z,2023-09-06T22:00:24Z,False,10119,,"[{'field': 'status', 'value': 'pending'}, {'field': 'comment_value', 'value': 'Este es un comentario automático generado por el macro.'}]",,Macro_117
https://d3v-tomasbaidal.zendesk.com/api/v2/macros/13406627418269.json,13406627418269,Macro_118,True,2023-09-06T22:00:25Z,2023-09-06T22:00:25Z,False,10120,,"[{'field': 'status', 'value': 'pending'}, {'field': 'comment_value', 'value': 'Este es un comentario automático generado por el macro.'}]",,Macro_118
https://d3v-tomasbaidal.zendesk.com/api/v2/macros/13406610382621.json,13406610382621,Macro_119,True,2023-09-06T22:00:25Z,2023-09-06T22:00:25Z,False,10121,,"[{'field': 'status', 'value': 'pending'}, {'field': 'comment_value', 'value': 'Este es un comentario automático generado por el macro.'}]",,Macro_119
https://d3v-tomasbaidal.zendesk.com/api/v2/macros/13406637896733.json,13406637896733,Macro_12,True,2023-09-06T21:58:48Z,2023-09-06T21:58:48Z,False,10015,,"[{'field': 'status', 'value': 'pending'}, {'field': 'comment_value', 'value': 'Este es un comentario automático generado por el macro.'}]",,Macro_12
https://d3v-tomasbaidal.zendesk.com/api/v2/macros/13406627428381.json,13406627428381,Macro_120,True,2023-09-06T22:00:25Z,2023-09-06T22:00:25Z,False,10122,,"[{'field': 'status', 'value': 'pending'}, {'field': 'comment_value', 'value': 'Este es un comentario automático generado por el macro.'}]",,Macro_120
https://d3v-tomasbaidal.zendesk.com/api/v2/macros/13406656960541.json,13406656960541,Macro_121,True,2023-09-06T22:00:25Z,2023-09-06T22:00:25Z,False,10123,,"[{'field': 'status', 'value': 'pending'}, {'field': 'comment_value', 'value': 'Este es un comentario automático generado por el macro.'}]",,Macro_121
https://d3v-tomasbaidal.zendesk.com/api/v2/macros/13406610396957.json,13406610396957,Macro_122,True,2023-09-06T22:00:26Z,2023-09-06T22:00:26Z,False,10124,,"[{'field': 'status', 'value': 'pending'}, {'field': 'comment_value', 'value': 'Este es un comentario automático generado por el macro.'}]",,Macro_122
https://d3v-tomasbaidal.zendesk.com/api/v2/macros/13406653956253.json,13406653956253,Macro_123,True,2023-09-06T22:00:26Z,2023-09-06T22:00:26Z,False,10125,,"[{'field': 'status', 'value': 'pending'}, {'field': 'comment_value', 'value': 'Este es un comentario automático generado por el macro.'}]",,Macro_123
https://d3v-tomasbaidal.zendesk.com/api/v2/macros/13406641531677.json,13406641531677,Macro_124,True,2023-09-06T22:00:26Z,2023-09-06T22:00:26Z,False,10126,,"[{'field': 'status', 'value': 'pending'}, {'field': 'comment_value', 'value': 'Este es un comentario automático generado por el macro.'}]",,Macro_124
https://d3v-tomasbaidal.zendesk.com/api/v2/macros/13406656985885.json,13406656985885,Macro_125,True,2023-09-06T22:00:26Z,2023-09-06T22:00:26Z,False,10127,,"[{'field': 'status', 'value': 'pending'}, {'field': 'comment_value', 'value': 'Este es un comentario automático generado por el macro.'}]",,Macro_125
https://d3v-tomasbaidal.zendesk.com/api/v2/macros/13406610417821.json,13406610417821,Macro_126,True,2023-09-06T22:00:27Z,2023-09-06T22:00:27Z,False,10128,,"[{'field': 'status', 'value': 'pending'}, {'field': 'comment_value', 'value': 'Este es un comentario automático generado por el macro.'}]",,Macro_126
https://d3v-tomasbaidal.zendesk.com/api/v2/macros/13406656996381.json,13406656996381,Macro_127,True,2023-09-06T22:00:27Z,2023-09-06T22:00:27Z,False,10129,,"[{'field': 'status', 'value': 'pending'}, {'field': 'comment_value', 'value': 'Este es un comentario automático generado por el macro.'}]",,Macro_127
https://d3v-tomasbaidal.zendesk.com/api/v2/macros/13406641562397.json,13406641562397,Macro_128,True,2023-09-06T22:00:27Z,2023-09-06T22:00:27Z,False,10130,,"[{'field': 'status', 'value': 'pending'}, {'field': 'comment_value', 'value': 'Este es un comentario automático generado por el macro.'}]",,Macro_128
https://d3v-tomasbaidal.zendesk.com/api/v2/macros/13406657014301.json,13406657014301,Macro_129,True,2023-09-06T22:00:27Z,2023-09-06T22:00:27Z,False,10131,,"[{'field': 'status', 'value': 'pending'}, {'field': 'comment_value', 'value': 'Este es un comentario automático generado por el macro.'}]",,Macro_129
https://d3v-tomasbaidal.zendesk.com/api/v2/macros/13406622646045.json,13406622646045,Macro_13,True,2023-09-06T21:58:48Z,2023-09-06T21:58:48Z,False,10016,,"[{'field': 'status', 'value': 'pending'}, {'field': 'comment_value', 'value': 'Este es un comentario automático generado por el macro.'}]",,Macro_13
https://d3v-tomasbaidal.zendesk.com/api/v2/macros/13406597695005.json,13406597695005,Macro_130,True,2023-09-06T22:00:28Z,2023-09-06T22:00:28Z,False,10132,,"[{'field': 'status', 'value': 'pending'}, {'field': 'comment_value', 'value': 'Este es un comentario automático generado por el macro.'}]",,Macro_130
https://d3v-tomasbaidal.zendesk.com/api/v2/macros/13406641602333.json,13406641602333,Macro_131,True,2023-09-06T22:00:28Z,2023-09-06T22:00:28Z,False,10133,,"[{'field': 'status', 'value': 'pending'}, {'field': 'comment_value', 'value': 'Este es un comentario automático generado por el macro.'}]",,Macro_131
https://d3v-tomasbaidal.zendesk.com/api/v2/macros/13406597708189.json,13406597708189,Macro_132,True,2023-09-06T22:00:28Z,2023-09-06T22:00:28Z,False,10134,,"[{'field': 'status', 'value': 'pending'}, {'field': 'comment_value', 'value': 'Este es un comentario automático generado por el macro.'}]",,Macro_132
https://d3v-tomasbaidal.zendesk.com/api/v2/macros/13406627535773.json,13406627535773,Macro_133,True,2023-09-06T22:00:28Z,2023-09-06T22:00:28Z,False,10135,,"[{'field': 'status', 'value': 'pending'}, {'field': 'comment_value', 'value': 'Este es un comentario automático generado por el macro.'}]",,Macro_133
https://d3v-tomasbaidal.zendesk.com/api/v2/macros/13406641630109.json,13406641630109,Macro_134,True,2023-09-06T22:00:29Z,2023-09-06T22:00:29Z,False,10136,,"[{'field': 'status', 'value': 'pending'}, {'field': 'comment_value', 'value': 'Este es un comentario automático generado por el macro.'}]",,Macro_134
https://d3v-tomasbaidal.zendesk.com/api/v2/macros/13406654067869.json,13406654067869,Macro_135,True,2023-09-06T22:00:29Z,2023-09-06T22:00:29Z,False,10137,,"[{'field': 'status', 'value': 'pending'}, {'field': 'comment_value', 'value': 'Este es un comentario automático generado por el macro.'}]",,Macro_135
https://d3v-tomasbaidal.zendesk.com/api/v2/macros/13406654075421.json,13406654075421,Macro_136,True,2023-09-06T22:00:29Z,2023-09-06T22:00:29Z,False,10138,,"[{'field': 'status', 'value': 'pending'}, {'field': 'comment_value', 'value': 'Este es un comentario automático generado por el macro.'}]",,Macro_136
https://d3v-tomasbaidal.zendesk.com/api/v2/macros/13406627560605.json,13406627560605,Macro_137,True,2023-09-06T22:00:29Z,2023-09-06T22:00:29Z,False,10139,,"[{'field': 'status', 'value': 'pending'}, {'field': 'comment_value', 'value': 'Este es un comentario automático generado por el macro.'}]",,Macro_137
https://d3v-tomasbaidal.zendesk.com/api/v2/macros/13406597748509.json,13406597748509,Macro_138,True,2023-09-06T22:00:30Z,2023-09-06T22:00:30Z,False,10140,,"[{'field': 'status', 'value': 'pending'}, {'field': 'comment_value', 'value': 'Este es un comentario automático generado por el macro.'}]",,Macro_138
https://d3v-tomasbaidal.zendesk.com/api/v2/macros/13406627570845.json,13406627570845,Macro_139,True,2023-09-06T22:00:30Z,2023-09-06T22:00:30Z,False,10141,,"[{'field': 'status', 'value': 'pending'}, {'field': 'comment_value', 'value': 'Este es un comentario automático generado por el macro.'}]",,Macro_139
https://d3v-tomasbaidal.zendesk.com/api/v2/macros/13406595377437.json,13406595377437,Macro_14,True,2023-09-06T21:58:48Z,2023-09-06T21:58:48Z,False,10017,,"[{'field': 'status', 'value': 'pending'}, {'field': 'comment_value', 'value': 'Este es un comentario automático generado por el macro.'}]",,Macro_14
https://d3v-tomasbaidal.zendesk.com/api/v2/macros/13406597760157.json,13406597760157,Macro_140,True,2023-09-06T22:00:30Z,2023-09-06T22:00:30Z,False,10142,,"[{'field': 'status', 'value': 'pending'}, {'field': 'comment_value', 'value': 'Este es un comentario automático generado por el macro.'}]",,Macro_140
https://d3v-tomasbaidal.zendesk.com/api/v2/macros/13406627578525.json,13406627578525,Macro_141,True,2023-09-06T22:00:30Z,2023-09-06T22:00:30Z,False,10143,,"[{'field': 'status', 'value': 'pending'}, {'field': 'comment_value', 'value': 'Este es un comentario automático generado por el macro.'}]",,Macro_141
https://d3v-tomasbaidal.zendesk.com/api/v2/macros/13406597769629.json,13406597769629,Macro_142,True,2023-09-06T22:00:31Z,2023-09-06T22:00:31Z,False,10144,,"[{'field': 'status', 'value': 'pending'}, {'field': 'comment_value', 'value': 'Este es un comentario automático generado por el macro.'}]",,Macro_142
https://d3v-tomasbaidal.zendesk.com/api/v2/macros/13406654118173.json,13406654118173,Macro_143,True,2023-09-06T22:00:31Z,2023-09-06T22:00:31Z,False,10145,,"[{'field': 'status', 'value': 'pending'}, {'field': 'comment_value', 'value': 'Este es un comentario automático generado por el macro.'}]",,Macro_143
https://d3v-tomasbaidal.zendesk.com/api/v2/macros/13406641685533.json,13406641685533,Macro_144,True,2023-09-06T22:00:31Z,2023-09-06T22:00:31Z,False,10146,,"[{'field': 'status', 'value': 'pending'}, {'field': 'comment_value', 'value': 'Este es un comentario automático generado por el macro.'}]",,Macro_144
https://d3v-tomasbaidal.zendesk.com/api/v2/macros/13406657098653.json,13406657098653,Macro_145,True,2023-09-06T22:00:31Z,2023-09-06T22:00:31Z,False,10147,,"[{'field': 'status', 'value': 'pending'}, {'field': 'comment_value', 'value': 'Este es un comentario automático generado por el macro.'}]",,Macro_145
https://d3v-tomasbaidal.zendesk.com/api/v2/macros/13406641707933.json,13406641707933,Macro_146,True,2023-09-06T22:00:32Z,2023-09-06T22:00:32Z,False,10148,,"[{'field': 'status', 'value': 'pending'}, {'field': 'comment_value', 'value': 'Este es un comentario automático generado por el macro.'}]",,Macro_146
https://d3v-tomasbaidal.zendesk.com/api/v2/macros/13406657104029.json,13406657104029,Macro_147,True,2023-09-06T22:00:32Z,2023-09-06T22:00:32Z,False,10149,,"[{'field': 'status', 'value': 'pending'}, {'field': 'comment_value', 'value': 'Este es un comentario automático generado por el macro.'}]",,Macro_147
https://d3v-tomasbaidal.zendesk.com/api/v2/macros/13406654148893.json,13406654148893,Macro_148,True,2023-09-06T22:00:32Z,2023-09-06T22:00:32Z,False,10150,,"[{'field': 'status', 'value': 'pending'}, {'field': 'comment_value', 'value': 'Este es un comentario automático generado por el macro.'}]",,Macro_148
https://d3v-tomasbaidal.zendesk.com/api/v2/macros/13406610636189.json,13406610636189,Macro_149,True,2023-09-06T22:00:32Z,2023-09-06T22:00:32Z,False,10151,,"[{'field': 'status', 'value': 'pending'}, {'field': 'comment_value', 'value': 'Este es un comentario automático generado por el macro.'}]",,Macro_149
https://d3v-tomasbaidal.zendesk.com/api/v2/macros/13406608136093.json,13406608136093,Macro_15,True,2023-09-06T21:58:49Z,2023-09-06T21:58:49Z,False,10018,,"[{'field': 'status', 'value': 'pending'}, {'field': 'comment_value', 'value': 'Este es un comentario automático generado por el macro.'}]",,Macro_15
https://d3v-tomasbaidal.zendesk.com/api/v2/macros/13406657120029.json,13406657120029,Macro_150,True,2023-09-06T22:00:33Z,2023-09-06T22:00:33Z,False,10152,,"[{'field': 'status', 'value': 'pending'}, {'field': 'comment_value', 'value': 'Este es un comentario automático generado por el macro.'}]",,Macro_150
https://d3v-tomasbaidal.zendesk.com/api/v2/macros/13406610686109.json,13406610686109,Macro_151,True,2023-09-06T22:00:33Z,2023-09-06T22:00:33Z,False,10153,,"[{'field': 'status', 'value': 'pending'}, {'field': 'comment_value', 'value': 'Este es un comentario automático generado por el macro.'}]",,Macro_151
https://d3v-tomasbaidal.zendesk.com/api/v2/macros/13406641784477.json,13406641784477,Macro_152,True,2023-09-06T22:00:33Z,2023-09-06T22:00:33Z,False,10154,,"[{'field': 'status', 'value': 'pending'}, {'field': 'comment_value', 'value': 'Este es un comentario automático generado por el macro.'}]",,Macro_152
https://d3v-tomasbaidal.zendesk.com/api/v2/macros/13406610721949.json,13406610721949,Macro_153,True,2023-09-06T22:00:33Z,2023-09-06T22:00:33Z,False,10155,,"[{'field': 'status', 'value': 'pending'}, {'field': 'comment_value', 'value': 'Este es un comentario automático generado por el macro.'}]",,Macro_153
https://d3v-tomasbaidal.zendesk.com/api/v2/macros/13406654216349.json,13406654216349,Macro_154,True,2023-09-06T22:00:34Z,2023-09-06T22:00:34Z,False,10156,,"[{'field': 'status', 'value': 'pending'}, {'field': 'comment_value', 'value': 'Este es un comentario automático generado por el macro.'}]",,Macro_154
https://d3v-tomasbaidal.zendesk.com/api/v2/macros/13406654223389.json,13406654223389,Macro_155,True,2023-09-06T22:00:34Z,2023-09-06T22:00:34Z,False,10157,,"[{'field': 'status', 'value': 'pending'}, {'field': 'comment_value', 'value': 'Este es un comentario automático generado por el macro.'}]",,Macro_155
https://d3v-tomasbaidal.zendesk.com/api/v2/macros/13406610747549.json,13406610747549,Macro_156,True,2023-09-06T22:00:34Z,2023-09-06T22:00:34Z,False,10158,,"[{'field': 'status', 'value': 'pending'}, {'field': 'comment_value', 'value': 'Este es un comentario automático generado por el macro.'}]",,Macro_156
https://d3v-tomasbaidal.zendesk.com/api/v2/macros/13406657223069.json,13406657223069,Macro_157,True,2023-09-06T22:00:34Z,2023-09-06T22:00:34Z,False,10159,,"[{'field': 'status', 'value': 'pending'}, {'field': 'comment_value', 'value': 'Este es un comentario automático generado por el macro.'}]",,Macro_157
https://d3v-tomasbaidal.zendesk.com/api/v2/macros/13406641822877.json,13406641822877,Macro_158,True,2023-09-06T22:00:35Z,2023-09-06T22:00:35Z,False,10160,,"[{'field': 'status', 'value': 'pending'}, {'field': 'comment_value', 'value': 'Este es un comentario automático generado por el macro.'}]",,Macro_158
https://d3v-tomasbaidal.zendesk.com/api/v2/macros/13406610782237.json,13406610782237,Macro_159,True,2023-09-06T22:00:35Z,2023-09-06T22:00:35Z,False,10161,,"[{'field': 'status', 'value': 'pending'}, {'field': 'comment_value', 'value': 'Este es un comentario automático generado por el macro.'}]",,Macro_159
https://d3v-tomasbaidal.zendesk.com/api/v2/macros/13406637907229.json,13406637907229,Macro_16,True,2023-09-06T21:58:49Z,2023-09-06T21:58:49Z,False,10019,,"[{'field': 'status', 'value': 'pending'}, {'field': 'comment_value', 'value': 'Este es un comentario automático generado por el macro.'}]",,Macro_16
https://d3v-tomasbaidal.zendesk.com/api/v2/macros/13406627746845.json,13406627746845,Macro_160,True,2023-09-06T22:00:35Z,2023-09-06T22:00:35Z,False,10162,,"[{'field': 'status', 'value': 'pending'}, {'field': 'comment_value', 'value': 'Este es un comentario automático generado por el macro.'}]",,Macro_160
https://d3v-tomasbaidal.zendesk.com/api/v2/macros/13406627751069.json,13406627751069,Macro_161,True,2023-09-06T22:00:35Z,2023-09-06T22:00:35Z,False,10163,,"[{'field': 'status', 'value': 'pending'}, {'field': 'comment_value', 'value': 'Este es un comentario automático generado por el macro.'}]",,Macro_161
https://d3v-tomasbaidal.zendesk.com/api/v2/macros/13406641851293.json,13406641851293,Macro_162,True,2023-09-06T22:00:36Z,2023-09-06T22:00:36Z,False,10164,,"[{'field': 'status', 'value': 'pending'}, {'field': 'comment_value', 'value': 'Este es un comentario automático generado por el macro.'}]",,Macro_162
https://d3v-tomasbaidal.zendesk.com/api/v2/macros/13406627763997.json,13406627763997,Macro_163,True,2023-09-06T22:00:36Z,2023-09-06T22:00:36Z,False,10165,,"[{'field': 'status', 'value': 'pending'}, {'field': 'comment_value', 'value': 'Este es un comentario automático generado por el macro.'}]",,Macro_163
https://d3v-tomasbaidal.zendesk.com/api/v2/macros/13406610809501.json,13406610809501,Macro_164,True,2023-09-06T22:00:36Z,2023-09-06T22:00:36Z,False,10166,,"[{'field': 'status', 'value': 'pending'}, {'field': 'comment_value', 'value': 'Este es un comentario automático generado por el macro.'}]",,Macro_164
https://d3v-tomasbaidal.zendesk.com/api/v2/macros/13406641861533.json,13406641861533,Macro_165,True,2023-09-06T22:00:37Z,2023-09-06T22:00:37Z,False,10167,,"[{'field': 'status', 'value': 'pending'}, {'field': 'comment_value', 'value': 'Este es un comentario automático generado por el macro.'}]",,Macro_165
https://d3v-tomasbaidal.zendesk.com/api/v2/macros/13406654277661.json,13406654277661,Macro_166,True,2023-09-06T22:00:37Z,2023-09-06T22:00:37Z,False,10168,,"[{'field': 'status', 'value': 'pending'}, {'field': 'comment_value', 'value': 'Este es un comentario automático generado por el macro.'}]",,Macro_166
https://d3v-tomasbaidal.zendesk.com/api/v2/macros/13406627784733.json,13406627784733,Macro_167,True,2023-09-06T22:00:37Z,2023-09-06T22:00:37Z,False,10169,,"[{'field': 'status', 'value': 'pending'}, {'field': 'comment_value', 'value': 'Este es un comentario automático generado por el macro.'}]",,Macro_167
https://d3v-tomasbaidal.zendesk.com/api/v2/macros/13406610837789.json,13406610837789,Macro_168,True,2023-09-06T22:00:37Z,2023-09-06T22:00:37Z,False,10170,,"[{'field': 'status', 'value': 'pending'}, {'field': 'comment_value', 'value': 'Este es un comentario automático generado por el macro.'}]",,Macro_168
https://d3v-tomasbaidal.zendesk.com/api/v2/macros/13406654292381.json,13406654292381,Macro_169,True,2023-09-06T22:00:38Z,2023-09-06T22:00:38Z,False,10171,,"[{'field': 'status', 'value': 'pending'}, {'field': 'comment_value', 'value': 'Este es un comentario automático generado por el macro.'}]",,Macro_169
https://d3v-tomasbaidal.zendesk.com/api/v2/macros/13406608143005.json,13406608143005,Macro_17,True,2023-09-06T21:58:49Z,2023-09-06T21:58:49Z,False,10020,,"[{'field': 'status', 'value': 'pending'}, {'field': 'comment_value', 'value': 'Este es un comentario automático generado por el macro.'}]",,Macro_17
https://d3v-tomasbaidal.zendesk.com/api/v2/macros/13406627794077.json,13406627794077,Macro_170,True,2023-09-06T22:00:38Z,2023-09-06T22:00:38Z,False,10172,,"[{'field': 'status', 'value': 'pending'}, {'field': 'comment_value', 'value': 'Este es un comentario automático generado por el macro.'}]",,Macro_170
https://d3v-tomasbaidal.zendesk.com/api/v2/macros/13406627800221.json,13406627800221,Macro_171,True,2023-09-06T22:00:38Z,2023-09-06T22:00:38Z,False,10173,,"[{'field': 'status', 'value': 'pending'}, {'field': 'comment_value', 'value': 'Este es un comentario automático generado por el macro.'}]",,Macro_171
https://d3v-tomasbaidal.zendesk.com/api/v2/macros/13406665113245.json,13406665113245,Macro_172,True,2023-09-06T22:00:38Z,2023-09-06T22:00:38Z,False,10174,,"[{'field': 'status', 'value': 'pending'}, {'field': 'comment_value', 'value': 'Este es un comentario automático generado por el macro.'}]",,Macro_172
https://d3v-tomasbaidal.zendesk.com/api/v2/macros/13406654310813.json,13406654310813,Macro_173,True,2023-09-06T22:00:39Z,2023-09-06T22:00:39Z,False,10175,,"[{'field': 'status', 'value': 'pending'}, {'field': 'comment_value', 'value': 'Este es un comentario automático generado por el macro.'}]",,Macro_173
https://d3v-tomasbaidal.zendesk.com/api/v2/macros/13406610872477.json,13406610872477,Macro_174,True,2023-09-06T22:00:39Z,2023-09-06T22:00:39Z,False,10176,,"[{'field': 'status', 'value': 'pending'}, {'field': 'comment_value', 'value': 'Este es un comentario automático generado por el macro.'}]",,Macro_174
https://d3v-tomasbaidal.zendesk.com/api/v2/macros/13406610878365.json,13406610878365,Macro_175,True,2023-09-06T22:00:39Z,2023-09-06T22:00:39Z,False,10177,,"[{'field': 'status', 'value': 'pending'}, {'field': 'comment_value', 'value': 'Este es un comentario automático generado por el macro.'}]",,Macro_175
https://d3v-tomasbaidal.zendesk.com/api/v2/macros/13406665135261.json,13406665135261,Macro_176,True,2023-09-06T22:00:39Z,2023-09-06T22:00:39Z,False,10178,,"[{'field': 'status', 'value': 'pending'}, {'field': 'comment_value', 'value': 'Este es un comentario automático generado por el macro.'}]",,Macro_176
https://d3v-tomasbaidal.zendesk.com/api/v2/macros/13406654350237.json,13406654350237,Macro_177,True,2023-09-06T22:00:40Z,2023-09-06T22:00:40Z,False,10179,,"[{'field': 'status', 'value': 'pending'}, {'field': 'comment_value', 'value': 'Este es un comentario automático generado por el macro.'}]",,Macro_177
https://d3v-tomasbaidal.zendesk.com/api/v2/macros/13406654357917.json,13406654357917,Macro_178,True,2023-09-06T22:00:40Z,2023-09-06T22:00:40Z,False,10180,,"[{'field': 'status', 'value': 'pending'}, {'field': 'comment_value', 'value': 'Este es un comentario automático generado por el macro.'}]",,Macro_178
https://d3v-tomasbaidal.zendesk.com/api/v2/macros/13406665153949.json,13406665153949,Macro_179,True,2023-09-06T22:00:40Z,2023-09-06T22:00:40Z,False,10181,,"[{'field': 'status', 'value': 'pending'}, {'field': 'comment_value', 'value': 'Este es un comentario automático generado por el macro.'}]",,Macro_179
https://d3v-tomasbaidal.zendesk.com/api/v2/macros/13406637913629.json,13406637913629,Macro_18,True,2023-09-06T21:58:49Z,2023-09-06T21:58:49Z,False,10021,,"[{'field': 'status', 'value': 'pending'}, {'field': 'comment_value', 'value': 'Este es un comentario automático generado por el macro.'}]",,Macro_18
https://d3v-tomasbaidal.zendesk.com/api/v2/macros/13406654365213.json,13406654365213,Macro_180,True,2023-09-06T22:00:40Z,2023-09-06T22:00:40Z,False,10182,,"[{'field': 'status', 'value': 'pending'}, {'field': 'comment_value', 'value': 'Este es un comentario automático generado por el macro.'}]",,Macro_180
https://d3v-tomasbaidal.zendesk.com/api/v2/macros/13406657333533.json,13406657333533,Macro_181,True,2023-09-06T22:00:41Z,2023-09-06T22:00:41Z,False,10183,,"[{'field': 'status', 'value': 'pending'}, {'field': 'comment_value', 'value': 'Este es un comentario automático generado por el macro.'}]",,Macro_181
https://d3v-tomasbaidal.zendesk.com/api/v2/macros/13406654374045.json,13406654374045,Macro_182,True,2023-09-06T22:00:41Z,2023-09-06T22:00:41Z,False,10184,,"[{'field': 'status', 'value': 'pending'}, {'field': 'comment_value', 'value': 'Este es un comentario automático generado por el macro.'}]",,Macro_182
https://d3v-tomasbaidal.zendesk.com/api/v2/macros/13406627853597.json,13406627853597,Macro_183,True,2023-09-06T22:00:41Z,2023-09-06T22:00:41Z,False,10185,,"[{'field': 'status', 'value': 'pending'}, {'field': 'comment_value', 'value': 'Este es un comentario automático generado por el macro.'}]",,Macro_183
https://d3v-tomasbaidal.zendesk.com/api/v2/macros/13406657353629.json,13406657353629,Macro_184,True,2023-09-06T22:00:41Z,2023-09-06T22:00:41Z,False,10186,,"[{'field': 'status', 'value': 'pending'}, {'field': 'comment_value', 'value': 'Este es un comentario automático generado por el macro.'}]",,Macro_184
https://d3v-tomasbaidal.zendesk.com/api/v2/macros/13406657356317.json,13406657356317,Macro_185,True,2023-09-06T22:00:42Z,2023-09-06T22:00:42Z,False,10187,,"[{'field': 'status', 'value': 'pending'}, {'field': 'comment_value', 'value': 'Este es un comentario automático generado por el macro.'}]",,Macro_185
https://d3v-tomasbaidal.zendesk.com/api/v2/macros/13406657360925.json,13406657360925,Macro_186,True,2023-09-06T22:00:42Z,2023-09-06T22:00:42Z,False,10188,,"[{'field': 'status', 'value': 'pending'}, {'field': 'comment_value', 'value': 'Este es un comentario automático generado por el macro.'}]",,Macro_186
https://d3v-tomasbaidal.zendesk.com/api/v2/macros/13406657362717.json,13406657362717,Macro_187,True,2023-09-06T22:00:42Z,2023-09-06T22:00:42Z,False,10189,,"[{'field': 'status', 'value': 'pending'}, {'field': 'comment_value', 'value': 'Este es un comentario automático generado por el macro.'}]",,Macro_187
https://d3v-tomasbaidal.zendesk.com/api/v2/macros/13406627875357.json,13406627875357,Macro_188,True,2023-09-06T22:00:42Z,2023-09-06T22:00:42Z,False,10190,,"[{'field': 'status', 'value': 'pending'}, {'field': 'comment_value', 'value': 'Este es un comentario automático generado por el macro.'}]",,Macro_188
https://d3v-tomasbaidal.zendesk.com/api/v2/macros/13406654412189.json,13406654412189,Macro_189,True,2023-09-06T22:00:43Z,2023-09-06T22:00:43Z,False,10191,,"[{'field': 'status', 'value': 'pending'}, {'field': 'comment_value', 'value': 'Este es un comentario automático generado por el macro.'}]",,Macro_189
https://d3v-tomasbaidal.zendesk.com/api/v2/macros/13406637923357.json,13406637923357,Macro_19,True,2023-09-06T21:58:50Z,2023-09-06T21:58:50Z,False,10022,,"[{'field': 'status', 'value': 'pending'}, {'field': 'comment_value', 'value': 'Este es un comentario automático generado por el macro.'}]",,Macro_19
https://d3v-tomasbaidal.zendesk.com/api/v2/macros/13406654419869.json,13406654419869,Macro_190,True,2023-09-06T22:00:43Z,2023-09-06T22:00:43Z,False,10192,,"[{'field': 'status', 'value': 'pending'}, {'field': 'comment_value', 'value': 'Este es un comentario automático generado por el macro.'}]",,Macro_190
https://d3v-tomasbaidal.zendesk.com/api/v2/macros/13406665246365.json,13406665246365,Macro_191,True,2023-09-06T22:00:43Z,2023-09-06T22:00:43Z,False,10193,,"[{'field': 'status', 'value': 'pending'}, {'field': 'comment_value', 'value': 'Este es un comentario automático generado por el macro.'}]",,Macro_191
https://d3v-tomasbaidal.zendesk.com/api/v2/macros/13406627889181.json,13406627889181,Macro_192,True,2023-09-06T22:00:44Z,2023-09-06T22:00:44Z,False,10194,,"[{'field': 'status', 'value': 'pending'}, {'field': 'comment_value', 'value': 'Este es un comentario automático generado por el macro.'}]",,Macro_192
https://d3v-tomasbaidal.zendesk.com/api/v2/macros/13406657388573.json,13406657388573,Macro_193,True,2023-09-06T22:00:44Z,2023-09-06T22:00:44Z,False,10195,,"[{'field': 'status', 'value': 'pending'}, {'field': 'comment_value', 'value': 'Este es un comentario automático generado por el macro.'}]",,Macro_193
https://d3v-tomasbaidal.zendesk.com/api/v2/macros/13406657395997.json,13406657395997,Macro_194,True,2023-09-06T22:00:44Z,2023-09-06T22:00:44Z,False,10196,,"[{'field': 'status', 'value': 'pending'}, {'field': 'comment_value', 'value': 'Este es un comentario automático generado por el macro.'}]",,Macro_194
https://d3v-tomasbaidal.zendesk.com/api/v2/macros/13406642074653.json,13406642074653,Macro_195,True,2023-09-06T22:00:44Z,2023-09-06T22:00:44Z,False,10197,,"[{'field': 'status', 'value': 'pending'}, {'field': 'comment_value', 'value': 'Este es un comentario automático generado por el macro.'}]",,Macro_195
https://d3v-tomasbaidal.zendesk.com/api/v2/macros/13406627926557.json,13406627926557,Macro_196,True,2023-09-06T22:00:45Z,2023-09-06T22:00:45Z,False,10198,,"[{'field': 'status', 'value': 'pending'}, {'field': 'comment_value', 'value': 'Este es un comentario automático generado por el macro.'}]",,Macro_196
https://d3v-tomasbaidal.zendesk.com/api/v2/macros/13406611027101.json,13406611027101,Macro_197,True,2023-09-06T22:00:45Z,2023-09-06T22:00:45Z,False,10199,,"[{'field': 'status', 'value': 'pending'}, {'field': 'comment_value', 'value': 'Este es un comentario automático generado por el macro.'}]",,Macro_197
https://d3v-tomasbaidal.zendesk.com/api/v2/macros/13406611030813.json,13406611030813,Macro_198,True,2023-09-06T22:00:45Z,2023-09-06T22:00:45Z,False,10200,,"[{'field': 'status', 'value': 'pending'}, {'field': 'comment_value', 'value': 'Este es un comentario automático generado por el macro.'}]",,Macro_198
https://d3v-tomasbaidal.zendesk.com/api/v2/macros/13406654486941.json,13406654486941,Macro_199,True,2023-09-06T22:00:45Z,2023-09-06T22:00:45Z,False,10201,,"[{'field': 'status', 'value': 'pending'}, {'field': 'comment_value', 'value': 'Este es un comentario automático generado por el macro.'}]",,Macro_199
https://d3v-tomasbaidal.zendesk.com/api/v2/macros/13406608074141.json,13406608074141,Macro_2,True,2023-09-06T21:58:45Z,2023-09-06T21:58:45Z,False,10005,,"[{'field': 'status', 'value': 'pending'}, {'field': 'comment_value', 'value': 'Este es un comentario automático generado por el macro.'}]",,Macro_2
https://d3v-tomasbaidal.zendesk.com/api/v2/macros/13406637925661.json,13406637925661,Macro_20,True,2023-09-06T21:58:50Z,2023-09-06T21:58:50Z,False,10023,,"[{'field': 'status', 'value': 'pending'}, {'field': 'comment_value', 'value': 'Este es un comentario automático generado por el macro.'}]",,Macro_20
https://d3v-tomasbaidal.zendesk.com/api/v2/macros/13406642126877.json,13406642126877,Macro_200,True,2023-09-06T22:00:45Z,2023-09-06T22:00:45Z,False,10202,,"[{'field': 'status', 'value': 'pending'}, {'field': 'comment_value', 'value': 'Este es un comentario automático generado por el macro.'}]",,Macro_200
https://d3v-tomasbaidal.zendesk.com/api/v2/macros/13406657449245.json,13406657449245,Macro_201,True,2023-09-06T22:00:46Z,2023-09-06T22:00:46Z,False,10203,,"[{'field': 'status', 'value': 'pending'}, {'field': 'comment_value', 'value': 'Este es un comentario automático generado por el macro.'}]",,Macro_201
https://d3v-tomasbaidal.zendesk.com/api/v2/macros/13406627992861.json,13406627992861,Macro_202,True,2023-09-06T22:00:46Z,2023-09-06T22:00:46Z,False,10204,,"[{'field': 'status', 'value': 'pending'}, {'field': 'comment_value', 'value': 'Este es un comentario automático generado por el macro.'}]",,Macro_202
https://d3v-tomasbaidal.zendesk.com/api/v2/macros/13406611062557.json,13406611062557,Macro_203,True,2023-09-06T22:00:46Z,2023-09-06T22:00:46Z,False,10205,,"[{'field': 'status', 'value': 'pending'}, {'field': 'comment_value', 'value': 'Este es un comentario automático generado por el macro.'}]",,Macro_203
https://d3v-tomasbaidal.zendesk.com/api/v2/macros/13406657467421.json,13406657467421,Macro_204,True,2023-09-06T22:00:46Z,2023-09-06T22:00:46Z,False,10206,,"[{'field': 'status', 'value': 'pending'}, {'field': 'comment_value', 'value': 'Este es un comentario automático generado por el macro.'}]",,Macro_204
https://d3v-tomasbaidal.zendesk.com/api/v2/macros/13406657481245.json,13406657481245,Macro_205,True,2023-09-06T22:00:47Z,2023-09-06T22:00:47Z,False,10207,,"[{'field': 'status', 'value': 'pending'}, {'field': 'comment_value', 'value': 'Este es un comentario automático generado por el macro.'}]",,Macro_205
https://d3v-tomasbaidal.zendesk.com/api/v2/macros/13406657486877.json,13406657486877,Macro_206,True,2023-09-06T22:00:47Z,2023-09-06T22:00:47Z,False,10208,,"[{'field': 'status', 'value': 'pending'}, {'field': 'comment_value', 'value': 'Este es un comentario automático generado por el macro.'}]",,Macro_206
https://d3v-tomasbaidal.zendesk.com/api/v2/macros/13406654541725.json,13406654541725,Macro_207,True,2023-09-06T22:00:47Z,2023-09-06T22:00:47Z,False,10209,,"[{'field': 'status', 'value': 'pending'}, {'field': 'comment_value', 'value': 'Este es un comentario automático generado por el macro.'}]",,Macro_207
https://d3v-tomasbaidal.zendesk.com/api/v2/macros/13406642195869.json,13406642195869,Macro_208,True,2023-09-06T22:00:47Z,2023-09-06T22:00:47Z,False,10210,,"[{'field': 'status', 'value': 'pending'}, {'field': 'comment_value', 'value': 'Este es un comentario automático generado por el macro.'}]",,Macro_208
https://d3v-tomasbaidal.zendesk.com/api/v2/macros/13406628066461.json,13406628066461,Macro_209,True,2023-09-06T22:00:48Z,2023-09-06T22:00:48Z,False,10211,,"[{'field': 'status', 'value': 'pending'}, {'field': 'comment_value', 'value': 'Este es un comentario automático generado por el macro.'}]",,Macro_209
https://d3v-tomasbaidal.zendesk.com/api/v2/macros/13406608154909.json,13406608154909,Macro_21,True,2023-09-06T21:58:50Z,2023-09-06T21:58:50Z,False,10024,,"[{'field': 'status', 'value': 'pending'}, {'field': 'comment_value', 'value': 'Este es un comentario automático generado por el macro.'}]",,Macro_21
https://d3v-tomasbaidal.zendesk.com/api/v2/macros/13406665399709.json,13406665399709,Macro_210,True,2023-09-06T22:00:48Z,2023-09-06T22:00:48Z,False,10212,,"[{'field': 'status', 'value': 'pending'}, {'field': 'comment_value', 'value': 'Este es un comentario automático generado por el macro.'}]",,Macro_210
https://d3v-tomasbaidal.zendesk.com/api/v2/macros/13406665405853.json,13406665405853,Macro_211,True,2023-09-06T22:00:48Z,2023-09-06T22:00:48Z,False,10213,,"[{'field': 'status', 'value': 'pending'}, {'field': 'comment_value', 'value': 'Este es un comentario automático generado por el macro.'}]",,Macro_211
https://d3v-tomasbaidal.zendesk.com/api/v2/macros/13406611139229.json,13406611139229,Macro_212,True,2023-09-06T22:00:49Z,2023-09-06T22:00:49Z,False,10214,,"[{'field': 'status', 'value': 'pending'}, {'field': 'comment_value', 'value': 'Este es un comentario automático generado por el macro.'}]",,Macro_212
https://d3v-tomasbaidal.zendesk.com/api/v2/macros/13406654586909.json,13406654586909,Macro_213,True,2023-09-06T22:00:49Z,2023-09-06T22:00:49Z,False,10215,,"[{'field': 'status', 'value': 'pending'}, {'field': 'comment_value', 'value': 'Este es un comentario automático generado por el macro.'}]",,Macro_213
https://d3v-tomasbaidal.zendesk.com/api/v2/macros/13406654592797.json,13406654592797,Macro_214,True,2023-09-06T22:00:49Z,2023-09-06T22:00:49Z,False,10216,,"[{'field': 'status', 'value': 'pending'}, {'field': 'comment_value', 'value': 'Este es un comentario automático generado por el macro.'}]",,Macro_214
https://d3v-tomasbaidal.zendesk.com/api/v2/macros/13406642236317.json,13406642236317,Macro_215,True,2023-09-06T22:00:49Z,2023-09-06T22:00:49Z,False,10217,,"[{'field': 'status', 'value': 'pending'}, {'field': 'comment_value', 'value': 'Este es un comentario automático generado por el macro.'}]",,Macro_215
https://d3v-tomasbaidal.zendesk.com/api/v2/macros/13406642240797.json,13406642240797,Macro_216,True,2023-09-06T22:00:50Z,2023-09-06T22:00:50Z,False,10218,,"[{'field': 'status', 'value': 'pending'}, {'field': 'comment_value', 'value': 'Este es un comentario automático generado por el macro.'}]",,Macro_216
https://d3v-tomasbaidal.zendesk.com/api/v2/macros/13406654620317.json,13406654620317,Macro_217,True,2023-09-06T22:00:50Z,2023-09-06T22:00:50Z,False,10219,,"[{'field': 'status', 'value': 'pending'}, {'field': 'comment_value', 'value': 'Este es un comentario automático generado por el macro.'}]",,Macro_217
https://d3v-tomasbaidal.zendesk.com/api/v2/macros/13406628139677.json,13406628139677,Macro_218,True,2023-09-06T22:00:50Z,2023-09-06T22:00:50Z,False,10220,,"[{'field': 'status', 'value': 'pending'}, {'field': 'comment_value', 'value': 'Este es un comentario automático generado por el macro.'}]",,Macro_218
https://d3v-tomasbaidal.zendesk.com/api/v2/macros/13406657577885.json,13406657577885,Macro_219,True,2023-09-06T22:00:50Z,2023-09-06T22:00:50Z,False,10221,,"[{'field': 'status', 'value': 'pending'}, {'field': 'comment_value', 'value': 'Este es un comentario automático generado por el macro.'}]",,Macro_219
https://d3v-tomasbaidal.zendesk.com/api/v2/macros/13406595404701.json,13406595404701,Macro_22,True,2023-09-06T21:58:50Z,2023-09-06T21:58:50Z,False,10025,,"[{'field': 'status', 'value': 'pending'}, {'field': 'comment_value', 'value': 'Este es un comentario automático generado por el macro.'}]",,Macro_22
https://d3v-tomasbaidal.zendesk.com/api/v2/macros/13406642290845.json,13406642290845,Macro_220,True,2023-09-06T22:00:51Z,2023-09-06T22:00:51Z,False,10222,,"[{'field': 'status', 'value': 'pending'}, {'field': 'comment_value', 'value': 'Este es un comentario automático generado por el macro.'}]",,Macro_220
https://d3v-tomasbaidal.zendesk.com/api/v2/macros/13406654675613.json,13406654675613,Macro_221,True,2023-09-06T22:00:51Z,2023-09-06T22:00:51Z,False,10223,,"[{'field': 'status', 'value': 'pending'}, {'field': 'comment_value', 'value': 'Este es un comentario automático generado por el macro.'}]",,Macro_221
https://d3v-tomasbaidal.zendesk.com/api/v2/macros/13406657661213.json,13406657661213,Macro_222,True,2023-09-06T22:00:51Z,2023-09-06T22:00:51Z,False,10224,,"[{'field': 'status', 'value': 'pending'}, {'field': 'comment_value', 'value': 'Este es un comentario automático generado por el macro.'}]",,Macro_222
https://d3v-tomasbaidal.zendesk.com/api/v2/macros/13406611233437.json,13406611233437,Macro_223,True,2023-09-06T22:00:51Z,2023-09-06T22:00:51Z,False,10225,,"[{'field': 'status', 'value': 'pending'}, {'field': 'comment_value', 'value': 'Este es un comentario automático generado por el macro.'}]",,Macro_223
https://d3v-tomasbaidal.zendesk.com/api/v2/macros/13406642342429.json,13406642342429,Macro_224,True,2023-09-06T22:00:52Z,2023-09-06T22:00:52Z,False,10226,,"[{'field': 'status', 'value': 'pending'}, {'field': 'comment_value', 'value': 'Este es un comentario automático generado por el macro.'}]",,Macro_224
https://d3v-tomasbaidal.zendesk.com/api/v2/macros/13406665556125.json,13406665556125,Macro_225,True,2023-09-06T22:00:52Z,2023-09-06T22:00:52Z,False,10227,,"[{'field': 'status', 'value': 'pending'}, {'field': 'comment_value', 'value': 'Este es un comentario automático generado por el macro.'}]",,Macro_225
https://d3v-tomasbaidal.zendesk.com/api/v2/macros/13406654709405.json,13406654709405,Macro_226,True,2023-09-06T22:00:52Z,2023-09-06T22:00:52Z,False,10228,,"[{'field': 'status', 'value': 'pending'}, {'field': 'comment_value', 'value': 'Este es un comentario automático generado por el macro.'}]",,Macro_226
https://d3v-tomasbaidal.zendesk.com/api/v2/macros/13406642361629.json,13406642361629,Macro_227,True,2023-09-06T22:00:52Z,2023-09-06T22:00:52Z,False,10229,,"[{'field': 'status', 'value': 'pending'}, {'field': 'comment_value', 'value': 'Este es un comentario automático generado por el macro.'}]",,Macro_227
https://d3v-tomasbaidal.zendesk.com/api/v2/macros/13406628219037.json,13406628219037,Macro_228,True,2023-09-06T22:00:53Z,2023-09-06T22:00:53Z,False,10230,,"[{'field': 'status', 'value': 'pending'}, {'field': 'comment_value', 'value': 'Este es un comentario automático generado por el macro.'}]",,Macro_228
https://d3v-tomasbaidal.zendesk.com/api/v2/macros/13406654727069.json,13406654727069,Macro_229,True,2023-09-06T22:00:53Z,2023-09-06T22:00:53Z,False,10231,,"[{'field': 'status', 'value': 'pending'}, {'field': 'comment_value', 'value': 'Este es un comentario automático generado por el macro.'}]",,Macro_229
https://d3v-tomasbaidal.zendesk.com/api/v2/macros/13406625241117.json,13406625241117,Macro_23,True,2023-09-06T21:58:51Z,2023-09-06T21:58:51Z,False,10026,,"[{'field': 'status', 'value': 'pending'}, {'field': 'comment_value', 'value': 'Este es un comentario automático generado por el macro.'}]",,Macro_23
https://d3v-tomasbaidal.zendesk.com/api/v2/macros/13406657724317.json,13406657724317,Macro_230,True,2023-09-06T22:00:53Z,2023-09-06T22:00:53Z,False,10232,,"[{'field': 'status', 'value': 'pending'}, {'field': 'comment_value', 'value': 'Este es un comentario automático generado por el macro.'}]",,Macro_230
https://d3v-tomasbaidal.zendesk.com/api/v2/macros/13406628236061.json,13406628236061,Macro_231,True,2023-09-06T22:00:53Z,2023-09-06T22:00:53Z,False,10233,,"[{'field': 'status', 'value': 'pending'}, {'field': 'comment_value', 'value': 'Este es un comentario automático generado por el macro.'}]",,Macro_231
https://d3v-tomasbaidal.zendesk.com/api/v2/macros/13406642389021.json,13406642389021,Macro_232,True,2023-09-06T22:00:54Z,2023-09-06T22:00:54Z,False,10234,,"[{'field': 'status', 'value': 'pending'}, {'field': 'comment_value', 'value': 'Este es un comentario automático generado por el macro.'}]",,Macro_232
https://d3v-tomasbaidal.zendesk.com/api/v2/macros/13406665601821.json,13406665601821,Macro_233,True,2023-09-06T22:00:54Z,2023-09-06T22:00:54Z,False,10235,,"[{'field': 'status', 'value': 'pending'}, {'field': 'comment_value', 'value': 'Este es un comentario automático generado por el macro.'}]",,Macro_233
https://d3v-tomasbaidal.zendesk.com/api/v2/macros/13406657739933.json,13406657739933,Macro_234,True,2023-09-06T22:00:54Z,2023-09-06T22:00:54Z,False,10236,,"[{'field': 'status', 'value': 'pending'}, {'field': 'comment_value', 'value': 'Este es un comentario automático generado por el macro.'}]",,Macro_234
https://d3v-tomasbaidal.zendesk.com/api/v2/macros/13406665608733.json,13406665608733,Macro_235,True,2023-09-06T22:00:54Z,2023-09-06T22:00:54Z,False,10237,,"[{'field': 'status', 'value': 'pending'}, {'field': 'comment_value', 'value': 'Este es un comentario automático generado por el macro.'}]",,Macro_235
https://d3v-tomasbaidal.zendesk.com/api/v2/macros/13406628256157.json,13406628256157,Macro_236,True,2023-09-06T22:00:55Z,2023-09-06T22:00:55Z,False,10238,,"[{'field': 'status', 'value': 'pending'}, {'field': 'comment_value', 'value': 'Este es un comentario automático generado por el macro.'}]",,Macro_236
https://d3v-tomasbaidal.zendesk.com/api/v2/macros/13406654770077.json,13406654770077,Macro_237,True,2023-09-06T22:00:55Z,2023-09-06T22:00:55Z,False,10239,,"[{'field': 'status', 'value': 'pending'}, {'field': 'comment_value', 'value': 'Este es un comentario automático generado por el macro.'}]",,Macro_237
https://d3v-tomasbaidal.zendesk.com/api/v2/macros/13406657756317.json,13406657756317,Macro_238,True,2023-09-06T22:00:55Z,2023-09-06T22:00:55Z,False,10240,,"[{'field': 'status', 'value': 'pending'}, {'field': 'comment_value', 'value': 'Este es un comentario automático generado por el macro.'}]",,Macro_238
https://d3v-tomasbaidal.zendesk.com/api/v2/macros/13406657759517.json,13406657759517,Macro_239,True,2023-09-06T22:00:55Z,2023-09-06T22:00:55Z,False,10241,,"[{'field': 'status', 'value': 'pending'}, {'field': 'comment_value', 'value': 'Este es un comentario automático generado por el macro.'}]",,Macro_239
https://d3v-tomasbaidal.zendesk.com/api/v2/macros/13406637939997.json,13406637939997,Macro_24,True,2023-09-06T21:58:51Z,2023-09-06T21:58:51Z,False,10027,,"[{'field': 'status', 'value': 'pending'}, {'field': 'comment_value', 'value': 'Este es un comentario automático generado por el macro.'}]",,Macro_24
https://d3v-tomasbaidal.zendesk.com/api/v2/macros/13406665631005.json,13406665631005,Macro_240,True,2023-09-06T22:00:56Z,2023-09-06T22:00:56Z,False,10242,,"[{'field': 'status', 'value': 'pending'}, {'field': 'comment_value', 'value': 'Este es un comentario automático generado por el macro.'}]",,Macro_240
https://d3v-tomasbaidal.zendesk.com/api/v2/macros/13406665637277.json,13406665637277,Macro_241,True,2023-09-06T22:00:56Z,2023-09-06T22:00:56Z,False,10243,,"[{'field': 'status', 'value': 'pending'}, {'field': 'comment_value', 'value': 'Este es un comentario automático generado por el macro.'}]",,Macro_241
https://d3v-tomasbaidal.zendesk.com/api/v2/macros/13406657773853.json,13406657773853,Macro_242,True,2023-09-06T22:00:56Z,2023-09-06T22:00:56Z,False,10244,,"[{'field': 'status', 'value': 'pending'}, {'field': 'comment_value', 'value': 'Este es un comentario automático generado por el macro.'}]",,Macro_242
https://d3v-tomasbaidal.zendesk.com/api/v2/macros/13406628285853.json,13406628285853,Macro_243,True,2023-09-06T22:00:56Z,2023-09-06T22:00:56Z,False,10245,,"[{'field': 'status', 'value': 'pending'}, {'field': 'comment_value', 'value': 'Este es un comentario automático generado por el macro.'}]",,Macro_243
https://d3v-tomasbaidal.zendesk.com/api/v2/macros/13406657778973.json,13406657778973,Macro_244,True,2023-09-06T22:00:57Z,2023-09-06T22:00:57Z,False,10246,,"[{'field': 'status', 'value': 'pending'}, {'field': 'comment_value', 'value': 'Este es un comentario automático generado por el macro.'}]",,Macro_244
https://d3v-tomasbaidal.zendesk.com/api/v2/macros/13406657780893.json,13406657780893,Macro_245,True,2023-09-06T22:00:57Z,2023-09-06T22:00:57Z,False,10247,,"[{'field': 'status', 'value': 'pending'}, {'field': 'comment_value', 'value': 'Este es un comentario automático generado por el macro.'}]",,Macro_245
https://d3v-tomasbaidal.zendesk.com/api/v2/macros/13406657786013.json,13406657786013,Macro_246,True,2023-09-06T22:00:57Z,2023-09-06T22:00:57Z,False,10248,,"[{'field': 'status', 'value': 'pending'}, {'field': 'comment_value', 'value': 'Este es un comentario automático generado por el macro.'}]",,Macro_246
https://d3v-tomasbaidal.zendesk.com/api/v2/macros/13406665693085.json,13406665693085,Macro_247,True,2023-09-06T22:00:57Z,2023-09-06T22:00:57Z,False,10249,,"[{'field': 'status', 'value': 'pending'}, {'field': 'comment_value', 'value': 'Este es un comentario automático generado por el macro.'}]",,Macro_247
https://d3v-tomasbaidal.zendesk.com/api/v2/macros/13406642449053.json,13406642449053,Macro_248,True,2023-09-06T22:00:58Z,2023-09-06T22:00:58Z,False,10250,,"[{'field': 'status', 'value': 'pending'}, {'field': 'comment_value', 'value': 'Este es un comentario automático generado por el macro.'}]",,Macro_248
https://d3v-tomasbaidal.zendesk.com/api/v2/macros/13406628342429.json,13406628342429,Macro_249,True,2023-09-06T22:00:58Z,2023-09-06T22:00:58Z,False,10251,,"[{'field': 'status', 'value': 'pending'}, {'field': 'comment_value', 'value': 'Este es un comentario automático generado por el macro.'}]",,Macro_249
https://d3v-tomasbaidal.zendesk.com/api/v2/macros/13406595431965.json,13406595431965,Macro_25,True,2023-09-06T21:58:51Z,2023-09-06T21:58:51Z,False,10028,,"[{'field': 'status', 'value': 'pending'}, {'field': 'comment_value', 'value': 'Este es un comentario automático generado por el macro.'}]",,Macro_25
https://d3v-tomasbaidal.zendesk.com/api/v2/macros/13406628349085.json,13406628349085,Macro_250,True,2023-09-06T22:00:58Z,2023-09-06T22:00:58Z,False,10252,,"[{'field': 'status', 'value': 'pending'}, {'field': 'comment_value', 'value': 'Este es un comentario automático generado por el macro.'}]",,Macro_250
https://d3v-tomasbaidal.zendesk.com/api/v2/macros/13406642481565.json,13406642481565,Macro_251,True,2023-09-06T22:00:58Z,2023-09-06T22:00:58Z,False,10253,,"[{'field': 'status', 'value': 'pending'}, {'field': 'comment_value', 'value': 'Este es un comentario automático generado por el macro.'}]",,Macro_251
https://d3v-tomasbaidal.zendesk.com/api/v2/macros/13406642488989.json,13406642488989,Macro_252,True,2023-09-06T22:00:59Z,2023-09-06T22:00:59Z,False,10254,,"[{'field': 'status', 'value': 'pending'}, {'field': 'comment_value', 'value': 'Este es un comentario automático generado por el macro.'}]",,Macro_252
https://d3v-tomasbaidal.zendesk.com/api/v2/macros/13406642493853.json,13406642493853,Macro_253,True,2023-09-06T22:00:59Z,2023-09-06T22:00:59Z,False,10255,,"[{'field': 'status', 'value': 'pending'}, {'field': 'comment_value', 'value': 'Este es un comentario automático generado por el macro.'}]",,Macro_253
https://d3v-tomasbaidal.zendesk.com/api/v2/macros/13406642499485.json,13406642499485,Macro_254,True,2023-09-06T22:00:59Z,2023-09-06T22:00:59Z,False,10256,,"[{'field': 'status', 'value': 'pending'}, {'field': 'comment_value', 'value': 'Este es un comentario automático generado por el macro.'}]",,Macro_254
https://d3v-tomasbaidal.zendesk.com/api/v2/macros/13406654882333.json,13406654882333,Macro_255,True,2023-09-06T22:01:00Z,2023-09-06T22:01:00Z,False,10257,,"[{'field': 'status', 'value': 'pending'}, {'field': 'comment_value', 'value': 'Este es un comentario automático generado por el macro.'}]",,Macro_255
https://d3v-tomasbaidal.zendesk.com/api/v2/macros/13406642507421.json,13406642507421,Macro_256,True,2023-09-06T22:01:00Z,2023-09-06T22:01:00Z,False,10258,,"[{'field': 'status', 'value': 'pending'}, {'field': 'comment_value', 'value': 'Este es un comentario automático generado por el macro.'}]",,Macro_256
https://d3v-tomasbaidal.zendesk.com/api/v2/macros/13406665760029.json,13406665760029,Macro_257,True,2023-09-06T22:01:00Z,2023-09-06T22:01:00Z,False,10259,,"[{'field': 'status', 'value': 'pending'}, {'field': 'comment_value', 'value': 'Este es un comentario automático generado por el macro.'}]",,Macro_257
https://d3v-tomasbaidal.zendesk.com/api/v2/macros/13406665766685.json,13406665766685,Macro_258,True,2023-09-06T22:01:00Z,2023-09-06T22:01:00Z,False,10260,,"[{'field': 'status', 'value': 'pending'}, {'field': 'comment_value', 'value': 'Este es un comentario automático generado por el macro.'}]",,Macro_258
https://d3v-tomasbaidal.zendesk.com/api/v2/macros/13406642517789.json,13406642517789,Macro_259,True,2023-09-06T22:01:00Z,2023-09-06T22:01:00Z,False,10261,,"[{'field': 'status', 'value': 'pending'}, {'field': 'comment_value', 'value': 'Este es un comentario automático generado por el macro.'}]",,Macro_259
https://d3v-tomasbaidal.zendesk.com/api/v2/macros/13406608172317.json,13406608172317,Macro_26,True,2023-09-06T21:58:51Z,2023-09-06T21:58:51Z,False,10029,,"[{'field': 'status', 'value': 'pending'}, {'field': 'comment_value', 'value': 'Este es un comentario automático generado por el macro.'}]",,Macro_26
https://d3v-tomasbaidal.zendesk.com/api/v2/macros/13406665778589.json,13406665778589,Macro_260,True,2023-09-06T22:01:01Z,2023-09-06T22:01:01Z,False,10262,,"[{'field': 'status', 'value': 'pending'}, {'field': 'comment_value', 'value': 'Este es un comentario automático generado por el macro.'}]",,Macro_260
https://d3v-tomasbaidal.zendesk.com/api/v2/macros/13406642541213.json,13406642541213,Macro_261,True,2023-09-06T22:01:01Z,2023-09-06T22:01:01Z,False,10263,,"[{'field': 'status', 'value': 'pending'}, {'field': 'comment_value', 'value': 'Este es un comentario automático generado por el macro.'}]",,Macro_261
https://d3v-tomasbaidal.zendesk.com/api/v2/macros/13406665806493.json,13406665806493,Macro_262,True,2023-09-06T22:01:01Z,2023-09-06T22:01:01Z,False,10264,,"[{'field': 'status', 'value': 'pending'}, {'field': 'comment_value', 'value': 'Este es un comentario automático generado por el macro.'}]",,Macro_262
https://d3v-tomasbaidal.zendesk.com/api/v2/macros/13406665821725.json,13406665821725,Macro_263,True,2023-09-06T22:01:02Z,2023-09-06T22:01:02Z,False,10265,,"[{'field': 'status', 'value': 'pending'}, {'field': 'comment_value', 'value': 'Este es un comentario automático generado por el macro.'}]",,Macro_263
https://d3v-tomasbaidal.zendesk.com/api/v2/macros/13406654962461.json,13406654962461,Macro_264,True,2023-09-06T22:01:02Z,2023-09-06T22:01:02Z,False,10266,,"[{'field': 'status', 'value': 'pending'}, {'field': 'comment_value', 'value': 'Este es un comentario automático generado por el macro.'}]",,Macro_264
https://d3v-tomasbaidal.zendesk.com/api/v2/macros/13406654991645.json,13406654991645,Macro_265,True,2023-09-06T22:01:02Z,2023-09-06T22:01:02Z,False,10267,,"[{'field': 'status', 'value': 'pending'}, {'field': 'comment_value', 'value': 'Este es un comentario automático generado por el macro.'}]",,Macro_265
https://d3v-tomasbaidal.zendesk.com/api/v2/macros/13406665901725.json,13406665901725,Macro_266,True,2023-09-06T22:01:02Z,2023-09-06T22:01:02Z,False,10268,,"[{'field': 'status', 'value': 'pending'}, {'field': 'comment_value', 'value': 'Este es un comentario automático generado por el macro.'}]",,Macro_266
https://d3v-tomasbaidal.zendesk.com/api/v2/macros/13406642685725.json,13406642685725,Macro_267,True,2023-09-06T22:01:03Z,2023-09-06T22:01:03Z,False,10269,,"[{'field': 'status', 'value': 'pending'}, {'field': 'comment_value', 'value': 'Este es un comentario automático generado por el macro.'}]",,Macro_267
https://d3v-tomasbaidal.zendesk.com/api/v2/macros/13406628578333.json,13406628578333,Macro_268,True,2023-09-06T22:01:03Z,2023-09-06T22:01:03Z,False,10270,,"[{'field': 'status', 'value': 'pending'}, {'field': 'comment_value', 'value': 'Este es un comentario automático generado por el macro.'}]",,Macro_268
https://d3v-tomasbaidal.zendesk.com/api/v2/macros/13406655093789.json,13406655093789,Macro_269,True,2023-09-06T22:01:03Z,2023-09-06T22:01:03Z,False,10271,,"[{'field': 'status', 'value': 'pending'}, {'field': 'comment_value', 'value': 'Este es un comentario automático generado por el macro.'}]",,Macro_269
https://d3v-tomasbaidal.zendesk.com/api/v2/macros/13406651522973.json,13406651522973,Macro_27,True,2023-09-06T21:58:52Z,2023-09-06T21:58:52Z,False,10030,,"[{'field': 'status', 'value': 'pending'}, {'field': 'comment_value', 'value': 'Este es un comentario automático generado por el macro.'}]",,Macro_27
https://d3v-tomasbaidal.zendesk.com/api/v2/macros/13406642768541.json,13406642768541,Macro_270,True,2023-09-06T22:01:03Z,2023-09-06T22:01:03Z,False,10272,,"[{'field': 'status', 'value': 'pending'}, {'field': 'comment_value', 'value': 'Este es un comentario automático generado por el macro.'}]",,Macro_270
https://d3v-tomasbaidal.zendesk.com/api/v2/macros/13406611747229.json,13406611747229,Macro_271,True,2023-09-06T22:01:04Z,2023-09-06T22:01:04Z,False,10273,,"[{'field': 'status', 'value': 'pending'}, {'field': 'comment_value', 'value': 'Este es un comentario automático generado por el macro.'}]",,Macro_271
https://d3v-tomasbaidal.zendesk.com/api/v2/macros/13406628709533.json,13406628709533,Macro_272,True,2023-09-06T22:01:04Z,2023-09-06T22:01:04Z,False,10274,,"[{'field': 'status', 'value': 'pending'}, {'field': 'comment_value', 'value': 'Este es un comentario automático generado por el macro.'}]",,Macro_272
https://d3v-tomasbaidal.zendesk.com/api/v2/macros/13406642863133.json,13406642863133,Macro_273,True,2023-09-06T22:01:04Z,2023-09-06T22:01:04Z,False,10275,,"[{'field': 'status', 'value': 'pending'}, {'field': 'comment_value', 'value': 'Este es un comentario automático generado por el macro.'}]",,Macro_273
https://d3v-tomasbaidal.zendesk.com/api/v2/macros/13406642898205.json,13406642898205,Macro_274,True,2023-09-06T22:01:04Z,2023-09-06T22:01:04Z,False,10276,,"[{'field': 'status', 'value': 'pending'}, {'field': 'comment_value', 'value': 'Este es un comentario automático generado por el macro.'}]",,Macro_274
https://d3v-tomasbaidal.zendesk.com/api/v2/macros/13406655292061.json,13406655292061,Macro_275,True,2023-09-06T22:01:05Z,2023-09-06T22:01:05Z,False,10277,,"[{'field': 'status', 'value': 'pending'}, {'field': 'comment_value', 'value': 'Este es un comentario automático generado por el macro.'}]",,Macro_275
https://d3v-tomasbaidal.zendesk.com/api/v2/macros/13406655318813.json,13406655318813,Macro_276,True,2023-09-06T22:01:05Z,2023-09-06T22:01:05Z,False,10278,,"[{'field': 'status', 'value': 'pending'}, {'field': 'comment_value', 'value': 'Este es un comentario automático generado por el macro.'}]",,Macro_276
https://d3v-tomasbaidal.zendesk.com/api/v2/macros/13406658428829.json,13406658428829,Macro_277,True,2023-09-06T22:01:05Z,2023-09-06T22:01:05Z,False,10279,,"[{'field': 'status', 'value': 'pending'}, {'field': 'comment_value', 'value': 'Este es un comentario automático generado por el macro.'}]",,Macro_277
https://d3v-tomasbaidal.zendesk.com/api/v2/macros/13406611979293.json,13406611979293,Macro_278,True,2023-09-06T22:01:06Z,2023-09-06T22:01:06Z,False,10280,,"[{'field': 'status', 'value': 'pending'}, {'field': 'comment_value', 'value': 'Este es un comentario automático generado por el macro.'}]",,Macro_278
https://d3v-tomasbaidal.zendesk.com/api/v2/macros/13406628907165.json,13406628907165,Macro_279,True,2023-09-06T22:01:06Z,2023-09-06T22:01:06Z,False,10281,,"[{'field': 'status', 'value': 'pending'}, {'field': 'comment_value', 'value': 'Este es un comentario automático generado por el macro.'}]",,Macro_279
https://d3v-tomasbaidal.zendesk.com/api/v2/macros/13406595454493.json,13406595454493,Macro_28,True,2023-09-06T21:58:52Z,2023-09-06T21:58:52Z,False,10031,,"[{'field': 'status', 'value': 'pending'}, {'field': 'comment_value', 'value': 'Este es un comentario automático generado por el macro.'}]",,Macro_28
https://d3v-tomasbaidal.zendesk.com/api/v2/macros/13406658506909.json,13406658506909,Macro_280,True,2023-09-06T22:01:06Z,2023-09-06T22:01:06Z,False,10282,,"[{'field': 'status', 'value': 'pending'}, {'field': 'comment_value', 'value': 'Este es un comentario automático generado por el macro.'}]",,Macro_280
https://d3v-tomasbaidal.zendesk.com/api/v2/macros/13406643069085.json,13406643069085,Macro_281,True,2023-09-06T22:01:06Z,2023-09-06T22:01:06Z,False,10283,,"[{'field': 'status', 'value': 'pending'}, {'field': 'comment_value', 'value': 'Este es un comentario automático generado por el macro.'}]",,Macro_281
https://d3v-tomasbaidal.zendesk.com/api/v2/macros/13406612046237.json,13406612046237,Macro_282,True,2023-09-06T22:01:07Z,2023-09-06T22:01:07Z,False,10284,,"[{'field': 'status', 'value': 'pending'}, {'field': 'comment_value', 'value': 'Este es un comentario automático generado por el macro.'}]",,Macro_282
https://d3v-tomasbaidal.zendesk.com/api/v2/macros/13406658552349.json,13406658552349,Macro_283,True,2023-09-06T22:01:07Z,2023-09-06T22:01:07Z,False,10285,,"[{'field': 'status', 'value': 'pending'}, {'field': 'comment_value', 'value': 'Este es un comentario automático generado por el macro.'}]",,Macro_283
https://d3v-tomasbaidal.zendesk.com/api/v2/macros/13406643112477.json,13406643112477,Macro_284,True,2023-09-06T22:01:07Z,2023-09-06T22:01:07Z,False,10286,,"[{'field': 'status', 'value': 'pending'}, {'field': 'comment_value', 'value': 'Este es un comentario automático generado por el macro.'}]",,Macro_284
https://d3v-tomasbaidal.zendesk.com/api/v2/macros/13406655501085.json,13406655501085,Macro_285,True,2023-09-06T22:01:07Z,2023-09-06T22:01:07Z,False,10287,,"[{'field': 'status', 'value': 'pending'}, {'field': 'comment_value', 'value': 'Este es un comentario automático generado por el macro.'}]",,Macro_285
https://d3v-tomasbaidal.zendesk.com/api/v2/macros/13406666373661.json,13406666373661,Macro_286,True,2023-09-06T22:01:08Z,2023-09-06T22:01:08Z,False,10288,,"[{'field': 'status', 'value': 'pending'}, {'field': 'comment_value', 'value': 'Este es un comentario automático generado por el macro.'}]",,Macro_286
https://d3v-tomasbaidal.zendesk.com/api/v2/macros/13406629019805.json,13406629019805,Macro_287,True,2023-09-06T22:01:08Z,2023-09-06T22:01:08Z,False,10289,,"[{'field': 'status', 'value': 'pending'}, {'field': 'comment_value', 'value': 'Este es un comentario automático generado por el macro.'}]",,Macro_287
https://d3v-tomasbaidal.zendesk.com/api/v2/macros/13406612101533.json,13406612101533,Macro_288,True,2023-09-06T22:01:08Z,2023-09-06T22:01:08Z,False,10290,,"[{'field': 'status', 'value': 'pending'}, {'field': 'comment_value', 'value': 'Este es un comentario automático generado por el macro.'}]",,Macro_288
https://d3v-tomasbaidal.zendesk.com/api/v2/macros/13406612108445.json,13406612108445,Macro_289,True,2023-09-06T22:01:08Z,2023-09-06T22:01:08Z,False,10291,,"[{'field': 'status', 'value': 'pending'}, {'field': 'comment_value', 'value': 'Este es un comentario automático generado por el macro.'}]",,Macro_289
https://d3v-tomasbaidal.zendesk.com/api/v2/macros/13406625258909.json,13406625258909,Macro_29,True,2023-09-06T21:58:52Z,2023-09-06T21:58:52Z,False,10032,,"[{'field': 'status', 'value': 'pending'}, {'field': 'comment_value', 'value': 'Este es un comentario automático generado por el macro.'}]",,Macro_29
https://d3v-tomasbaidal.zendesk.com/api/v2/macros/13406629044637.json,13406629044637,Macro_290,True,2023-09-06T22:01:08Z,2023-09-06T22:01:08Z,False,10292,,"[{'field': 'status', 'value': 'pending'}, {'field': 'comment_value', 'value': 'Este es un comentario automático generado por el macro.'}]",,Macro_290
https://d3v-tomasbaidal.zendesk.com/api/v2/macros/13406658615837.json,13406658615837,Macro_291,True,2023-09-06T22:01:09Z,2023-09-06T22:01:09Z,False,10293,,"[{'field': 'status', 'value': 'pending'}, {'field': 'comment_value', 'value': 'Este es un comentario automático generado por el macro.'}]",,Macro_291
https://d3v-tomasbaidal.zendesk.com/api/v2/macros/13406629061149.json,13406629061149,Macro_292,True,2023-09-06T22:01:09Z,2023-09-06T22:01:09Z,False,10294,,"[{'field': 'status', 'value': 'pending'}, {'field': 'comment_value', 'value': 'Este es un comentario automático generado por el macro.'}]",,Macro_292
https://d3v-tomasbaidal.zendesk.com/api/v2/macros/13406643176477.json,13406643176477,Macro_293,True,2023-09-06T22:01:09Z,2023-09-06T22:01:09Z,False,10295,,"[{'field': 'status', 'value': 'pending'}, {'field': 'comment_value', 'value': 'Este es un comentario automático generado por el macro.'}]",,Macro_293
https://d3v-tomasbaidal.zendesk.com/api/v2/macros/13406629090461.json,13406629090461,Macro_294,True,2023-09-06T22:01:10Z,2023-09-06T22:01:10Z,False,10296,,"[{'field': 'status', 'value': 'pending'}, {'field': 'comment_value', 'value': 'Este es un comentario automático generado por el macro.'}]",,Macro_294
https://d3v-tomasbaidal.zendesk.com/api/v2/macros/13406666467357.json,13406666467357,Macro_295,True,2023-09-06T22:01:10Z,2023-09-06T22:01:10Z,False,10297,,"[{'field': 'status', 'value': 'pending'}, {'field': 'comment_value', 'value': 'Este es un comentario automático generado por el macro.'}]",,Macro_295
https://d3v-tomasbaidal.zendesk.com/api/v2/macros/13406658669597.json,13406658669597,Macro_296,True,2023-09-06T22:01:10Z,2023-09-06T22:01:10Z,False,10298,,"[{'field': 'status', 'value': 'pending'}, {'field': 'comment_value', 'value': 'Este es un comentario automático generado por el macro.'}]",,Macro_296
https://d3v-tomasbaidal.zendesk.com/api/v2/macros/13406629122461.json,13406629122461,Macro_297,True,2023-09-06T22:01:10Z,2023-09-06T22:01:10Z,False,10299,,"[{'field': 'status', 'value': 'pending'}, {'field': 'comment_value', 'value': 'Este es un comentario automático generado por el macro.'}]",,Macro_297
https://d3v-tomasbaidal.zendesk.com/api/v2/macros/13406629134109.json,13406629134109,Macro_298,True,2023-09-06T22:01:10Z,2023-09-06T22:01:10Z,False,10300,,"[{'field': 'status', 'value': 'pending'}, {'field': 'comment_value', 'value': 'Este es un comentario automático generado por el macro.'}]",,Macro_298
https://d3v-tomasbaidal.zendesk.com/api/v2/macros/13406612231453.json,13406612231453,Macro_299,True,2023-09-06T22:01:11Z,2023-09-06T22:01:11Z,False,10301,,"[{'field': 'status', 'value': 'pending'}, {'field': 'comment_value', 'value': 'Este es un comentario automático generado por el macro.'}]",,Macro_299
https://d3v-tomasbaidal.zendesk.com/api/v2/macros/13406625126813.json,13406625126813,Macro_3,True,2023-09-06T21:58:45Z,2023-09-06T21:58:45Z,False,10006,,"[{'field': 'status', 'value': 'pending'}, {'field': 'comment_value', 'value': 'Este es un comentario automático generado por el macro.'}]",,Macro_3
https://d3v-tomasbaidal.zendesk.com/api/v2/macros/13406622711709.json,13406622711709,Macro_30,True,2023-09-06T21:58:52Z,2023-09-06T21:58:52Z,False,10033,,"[{'field': 'status', 'value': 'pending'}, {'field': 'comment_value', 'value': 'Este es un comentario automático generado por el macro.'}]",,Macro_30
https://d3v-tomasbaidal.zendesk.com/api/v2/macros/13406612237981.json,13406612237981,Macro_300,True,2023-09-06T22:01:11Z,2023-09-06T22:01:11Z,False,10302,,"[{'field': 'status', 'value': 'pending'}, {'field': 'comment_value', 'value': 'Este es un comentario automático generado por el macro.'}]",,Macro_300
https://d3v-tomasbaidal.zendesk.com/api/v2/macros/13406655641501.json,13406655641501,Macro_301,True,2023-09-06T22:01:11Z,2023-09-06T22:01:11Z,False,10303,,"[{'field': 'status', 'value': 'pending'}, {'field': 'comment_value', 'value': 'Este es un comentario automático generado por el macro.'}]",,Macro_301
https://d3v-tomasbaidal.zendesk.com/api/v2/macros/13406658737565.json,13406658737565,Macro_302,True,2023-09-06T22:01:12Z,2023-09-06T22:01:12Z,False,10304,,"[{'field': 'status', 'value': 'pending'}, {'field': 'comment_value', 'value': 'Este es un comentario automático generado por el macro.'}]",,Macro_302
https://d3v-tomasbaidal.zendesk.com/api/v2/macros/13406658746269.json,13406658746269,Macro_303,True,2023-09-06T22:01:12Z,2023-09-06T22:01:12Z,False,10305,,"[{'field': 'status', 'value': 'pending'}, {'field': 'comment_value', 'value': 'Este es un comentario automático generado por el macro.'}]",,Macro_303
https://d3v-tomasbaidal.zendesk.com/api/v2/macros/13406655666205.json,13406655666205,Macro_304,True,2023-09-06T22:01:12Z,2023-09-06T22:01:12Z,False,10306,,"[{'field': 'status', 'value': 'pending'}, {'field': 'comment_value', 'value': 'Este es un comentario automático generado por el macro.'}]",,Macro_304
https://d3v-tomasbaidal.zendesk.com/api/v2/macros/13406655677085.json,13406655677085,Macro_305,True,2023-09-06T22:01:12Z,2023-09-06T22:01:12Z,False,10307,,"[{'field': 'status', 'value': 'pending'}, {'field': 'comment_value', 'value': 'Este es un comentario automático generado por el macro.'}]",,Macro_305
https://d3v-tomasbaidal.zendesk.com/api/v2/macros/13406658796573.json,13406658796573,Macro_306,True,2023-09-06T22:01:13Z,2023-09-06T22:01:13Z,False,10308,,"[{'field': 'status', 'value': 'pending'}, {'field': 'comment_value', 'value': 'Este es un comentario automático generado por el macro.'}]",,Macro_306
https://d3v-tomasbaidal.zendesk.com/api/v2/macros/13406643308061.json,13406643308061,Macro_307,True,2023-09-06T22:01:13Z,2023-09-06T22:01:13Z,False,10309,,"[{'field': 'status', 'value': 'pending'}, {'field': 'comment_value', 'value': 'Este es un comentario automático generado por el macro.'}]",,Macro_307
https://d3v-tomasbaidal.zendesk.com/api/v2/macros/13406655705373.json,13406655705373,Macro_308,True,2023-09-06T22:01:13Z,2023-09-06T22:01:13Z,False,10310,,"[{'field': 'status', 'value': 'pending'}, {'field': 'comment_value', 'value': 'Este es un comentario automático generado por el macro.'}]",,Macro_308
https://d3v-tomasbaidal.zendesk.com/api/v2/macros/13406629266077.json,13406629266077,Macro_309,True,2023-09-06T22:01:13Z,2023-09-06T22:01:13Z,False,10311,,"[{'field': 'status', 'value': 'pending'}, {'field': 'comment_value', 'value': 'Este es un comentario automático generado por el macro.'}]",,Macro_309
https://d3v-tomasbaidal.zendesk.com/api/v2/macros/13406637964317.json,13406637964317,Macro_31,True,2023-09-06T21:58:52Z,2023-09-06T21:58:52Z,False,10034,,"[{'field': 'status', 'value': 'pending'}, {'field': 'comment_value', 'value': 'Este es un comentario automático generado por el macro.'}]",,Macro_31
https://d3v-tomasbaidal.zendesk.com/api/v2/macros/13406622716189.json,13406622716189,Macro_32,True,2023-09-06T21:58:53Z,2023-09-06T21:58:53Z,False,10035,,"[{'field': 'status', 'value': 'pending'}, {'field': 'comment_value', 'value': 'Este es un comentario automático generado por el macro.'}]",,Macro_32
https://d3v-tomasbaidal.zendesk.com/api/v2/macros/13406651538973.json,13406651538973,Macro_33,True,2023-09-06T21:58:53Z,2023-09-06T21:58:53Z,False,10036,,"[{'field': 'status', 'value': 'pending'}, {'field': 'comment_value', 'value': 'Este es un comentario automático generado por el macro.'}]",,Macro_33
https://d3v-tomasbaidal.zendesk.com/api/v2/macros/13406625282461.json,13406625282461,Macro_34,True,2023-09-06T21:58:53Z,2023-09-06T21:58:53Z,False,10037,,"[{'field': 'status', 'value': 'pending'}, {'field': 'comment_value', 'value': 'Este es un comentario automático generado por el macro.'}]",,Macro_34
https://d3v-tomasbaidal.zendesk.com/api/v2/macros/13406595480605.json,13406595480605,Macro_35,True,2023-09-06T21:58:53Z,2023-09-06T21:58:53Z,False,10038,,"[{'field': 'status', 'value': 'pending'}, {'field': 'comment_value', 'value': 'Este es un comentario automático generado por el macro.'}]",,Macro_35
https://d3v-tomasbaidal.zendesk.com/api/v2/macros/13406608233885.json,13406608233885,Macro_36,True,2023-09-06T21:58:54Z,2023-09-06T21:58:54Z,False,10039,,"[{'field': 'status', 'value': 'pending'}, {'field': 'comment_value', 'value': 'Este es un comentario automático generado por el macro.'}]",,Macro_36
https://d3v-tomasbaidal.zendesk.com/api/v2/macros/13406608236317.json,13406608236317,Macro_37,True,2023-09-06T21:58:54Z,2023-09-06T21:58:54Z,False,10040,,"[{'field': 'status', 'value': 'pending'}, {'field': 'comment_value', 'value': 'Este es un comentario automático generado por el macro.'}]",,Macro_37
https://d3v-tomasbaidal.zendesk.com/api/v2/macros/13406651563933.json,13406651563933,Macro_38,True,2023-09-06T21:58:54Z,2023-09-06T21:58:54Z,False,10041,,"[{'field': 'status', 'value': 'pending'}, {'field': 'comment_value', 'value': 'Este es un comentario automático generado por el macro.'}]",,Macro_38
https://d3v-tomasbaidal.zendesk.com/api/v2/macros/13406638008477.json,13406638008477,Macro_39,True,2023-09-06T21:58:54Z,2023-09-06T21:58:54Z,False,10042,,"[{'field': 'status', 'value': 'pending'}, {'field': 'comment_value', 'value': 'Este es un comentario automático generado por el macro.'}]",,Macro_39
https://d3v-tomasbaidal.zendesk.com/api/v2/macros/13406651427485.json,13406651427485,Macro_4,True,2023-09-06T21:58:46Z,2023-09-06T21:58:46Z,False,10007,,"[{'field': 'status', 'value': 'pending'}, {'field': 'comment_value', 'value': 'Este es un comentario automático generado por el macro.'}]",,Macro_4
https://d3v-tomasbaidal.zendesk.com/api/v2/macros/13406608246557.json,13406608246557,Macro_40,True,2023-09-06T21:58:55Z,2023-09-06T21:58:55Z,False,10043,,"[{'field': 'status', 'value': 'pending'}, {'field': 'comment_value', 'value': 'Este es un comentario automático generado por el macro.'}]",,Macro_40
https://d3v-tomasbaidal.zendesk.com/api/v2/macros/13406638019485.json,13406638019485,Macro_41,True,2023-09-06T21:58:55Z,2023-09-06T21:58:55Z,False,10044,,"[{'field': 'status', 'value': 'pending'}, {'field': 'comment_value', 'value': 'Este es un comentario automático generado por el macro.'}]",,Macro_41
https://d3v-tomasbaidal.zendesk.com/api/v2/macros/13406638021533.json,13406638021533,Macro_42,True,2023-09-06T21:58:55Z,2023-09-06T21:58:55Z,False,10045,,"[{'field': 'status', 'value': 'pending'}, {'field': 'comment_value', 'value': 'Este es un comentario automático generado por el macro.'}]",,Macro_42
https://d3v-tomasbaidal.zendesk.com/api/v2/macros/13406638023197.json,13406638023197,Macro_43,True,2023-09-06T21:58:55Z,2023-09-06T21:58:55Z,False,10046,,"[{'field': 'status', 'value': 'pending'}, {'field': 'comment_value', 'value': 'Este es un comentario automático generado por el macro.'}]",,Macro_43
https://d3v-tomasbaidal.zendesk.com/api/v2/macros/13406595533213.json,13406595533213,Macro_44,True,2023-09-06T21:58:56Z,2023-09-06T21:58:56Z,False,10047,,"[{'field': 'status', 'value': 'pending'}, {'field': 'comment_value', 'value': 'Este es un comentario automático generado por el macro.'}]",,Macro_44
https://d3v-tomasbaidal.zendesk.com/api/v2/macros/13406625338653.json,13406625338653,Macro_45,True,2023-09-06T21:58:56Z,2023-09-06T21:58:56Z,False,10048,,"[{'field': 'status', 'value': 'pending'}, {'field': 'comment_value', 'value': 'Este es un comentario automático generado por el macro.'}]",,Macro_45
https://d3v-tomasbaidal.zendesk.com/api/v2/macros/13406595537437.json,13406595537437,Macro_46,True,2023-09-06T21:58:56Z,2023-09-06T21:58:56Z,False,10049,,"[{'field': 'status', 'value': 'pending'}, {'field': 'comment_value', 'value': 'Este es un comentario automático generado por el macro.'}]",,Macro_46
https://d3v-tomasbaidal.zendesk.com/api/v2/macros/13406622768797.json,13406622768797,Macro_47,True,2023-09-06T21:58:56Z,2023-09-06T21:58:56Z,False,10050,,"[{'field': 'status', 'value': 'pending'}, {'field': 'comment_value', 'value': 'Este es un comentario automático generado por el macro.'}]",,Macro_47
https://d3v-tomasbaidal.zendesk.com/api/v2/macros/13406608291229.json,13406608291229,Macro_48,True,2023-09-06T21:58:57Z,2023-09-06T21:58:57Z,False,10051,,"[{'field': 'status', 'value': 'pending'}, {'field': 'comment_value', 'value': 'Este es un comentario automático generado por el macro.'}]",,Macro_48
https://d3v-tomasbaidal.zendesk.com/api/v2/macros/13406638049053.json,13406638049053,Macro_49,True,2023-09-06T21:58:57Z,2023-09-06T21:58:57Z,False,10052,,"[{'field': 'status', 'value': 'pending'}, {'field': 'comment_value', 'value': 'Este es un comentario automático generado por el macro.'}]",,Macro_49
https://d3v-tomasbaidal.zendesk.com/api/v2/macros/13406637866781.json,13406637866781,Macro_5,True,2023-09-06T21:58:46Z,2023-09-06T21:58:46Z,False,10008,,"[{'field': 'status', 'value': 'pending'}, {'field': 'comment_value', 'value': 'Este es un comentario automático generado por el macro.'}]",,Macro_5
https://d3v-tomasbaidal.zendesk.com/api/v2/macros/13406638053789.json,13406638053789,Macro_50,True,2023-09-06T21:58:57Z,2023-09-06T21:58:57Z,False,10053,,"[{'field': 'status', 'value': 'pending'}, {'field': 'comment_value', 'value': 'Este es un comentario automático generado por el macro.'}]",,Macro_50
https://d3v-tomasbaidal.zendesk.com/api/v2/macros/13406625388701.json,13406625388701,Macro_51,True,2023-09-06T21:58:58Z,2023-09-06T21:58:58Z,False,10054,,"[{'field': 'status', 'value': 'pending'}, {'field': 'comment_value', 'value': 'Este es un comentario automático generado por el macro.'}]",,Macro_51
https://d3v-tomasbaidal.zendesk.com/api/v2/macros/13406638065053.json,13406638065053,Macro_52,True,2023-09-06T21:58:58Z,2023-09-06T21:58:58Z,False,10055,,"[{'field': 'status', 'value': 'pending'}, {'field': 'comment_value', 'value': 'Este es un comentario automático generado por el macro.'}]",,Macro_52
https://d3v-tomasbaidal.zendesk.com/api/v2/macros/13406651634973.json,13406651634973,Macro_53,True,2023-09-06T21:58:58Z,2023-09-06T21:58:58Z,False,10056,,"[{'field': 'status', 'value': 'pending'}, {'field': 'comment_value', 'value': 'Este es un comentario automático generado por el macro.'}]",,Macro_53
https://d3v-tomasbaidal.zendesk.com/api/v2/macros/13406638075421.json,13406638075421,Macro_54,True,2023-09-06T21:58:58Z,2023-09-06T21:58:58Z,False,10057,,"[{'field': 'status', 'value': 'pending'}, {'field': 'comment_value', 'value': 'Este es un comentario automático generado por el macro.'}]",,Macro_54
https://d3v-tomasbaidal.zendesk.com/api/v2/macros/13406595590813.json,13406595590813,Macro_55,True,2023-09-06T21:58:59Z,2023-09-06T21:58:59Z,False,10058,,"[{'field': 'status', 'value': 'pending'}, {'field': 'comment_value', 'value': 'Este es un comentario automático generado por el macro.'}]",,Macro_55
https://d3v-tomasbaidal.zendesk.com/api/v2/macros/13406638083101.json,13406638083101,Macro_56,True,2023-09-06T21:58:59Z,2023-09-06T21:58:59Z,False,10059,,"[{'field': 'status', 'value': 'pending'}, {'field': 'comment_value', 'value': 'Este es un comentario automático generado por el macro.'}]",,Macro_56
https://d3v-tomasbaidal.zendesk.com/api/v2/macros/13406638091165.json,13406638091165,Macro_57,True,2023-09-06T21:58:59Z,2023-09-06T21:58:59Z,False,10060,,"[{'field': 'status', 'value': 'pending'}, {'field': 'comment_value', 'value': 'Este es un comentario automático generado por el macro.'}]",,Macro_57
https://d3v-tomasbaidal.zendesk.com/api/v2/macros/13406651662365.json,13406651662365,Macro_58,True,2023-09-06T21:59:00Z,2023-09-06T21:59:00Z,False,10061,,"[{'field': 'status', 'value': 'pending'}, {'field': 'comment_value', 'value': 'Este es un comentario automático generado por el macro.'}]",,Macro_58
https://d3v-tomasbaidal.zendesk.com/api/v2/macros/13406608367261.json,13406608367261,Macro_59,True,2023-09-06T21:59:00Z,2023-09-06T21:59:00Z,False,10062,,"[{'field': 'status', 'value': 'pending'}, {'field': 'comment_value', 'value': 'Este es un comentario automático generado por el macro.'}]",,Macro_59
https://d3v-tomasbaidal.zendesk.com/api/v2/macros/13406651447709.json,13406651447709,Macro_6,True,2023-09-06T21:58:46Z,2023-09-06T21:58:46Z,False,10009,,"[{'field': 'status', 'value': 'pending'}, {'field': 'comment_value', 'value': 'Este es un comentario automático generado por el macro.'}]",,Macro_6
https://d3v-tomasbaidal.zendesk.com/api/v2/macros/13406622861981.json,13406622861981,Macro_60,True,2023-09-06T21:59:00Z,2023-09-06T21:59:00Z,False,10063,,"[{'field': 'status', 'value': 'pending'}, {'field': 'comment_value', 'value': 'Este es un comentario automático generado por el macro.'}]",,Macro_60
https://d3v-tomasbaidal.zendesk.com/api/v2/macros/13406625439517.json,13406625439517,Macro_61,True,2023-09-06T21:59:00Z,2023-09-06T21:59:00Z,False,10064,,"[{'field': 'status', 'value': 'pending'}, {'field': 'comment_value', 'value': 'Este es un comentario automático generado por el macro.'}]",,Macro_61
https://d3v-tomasbaidal.zendesk.com/api/v2/macros/13406622869661.json,13406622869661,Macro_62,True,2023-09-06T21:59:01Z,2023-09-06T21:59:01Z,False,10065,,"[{'field': 'status', 'value': 'pending'}, {'field': 'comment_value', 'value': 'Este es un comentario automático generado por el macro.'}]",,Macro_62
https://d3v-tomasbaidal.zendesk.com/api/v2/macros/13406651683101.json,13406651683101,Macro_63,True,2023-09-06T21:59:01Z,2023-09-06T21:59:01Z,False,10066,,"[{'field': 'status', 'value': 'pending'}, {'field': 'comment_value', 'value': 'Este es un comentario automático generado por el macro.'}]",,Macro_63
https://d3v-tomasbaidal.zendesk.com/api/v2/macros/13406638122653.json,13406638122653,Macro_64,True,2023-09-06T21:59:01Z,2023-09-06T21:59:01Z,False,10067,,"[{'field': 'status', 'value': 'pending'}, {'field': 'comment_value', 'value': 'Este es un comentario automático generado por el macro.'}]",,Macro_64
https://d3v-tomasbaidal.zendesk.com/api/v2/macros/13406625453981.json,13406625453981,Macro_65,True,2023-09-06T21:59:01Z,2023-09-06T21:59:01Z,False,10068,,"[{'field': 'status', 'value': 'pending'}, {'field': 'comment_value', 'value': 'Este es un comentario automático generado por el macro.'}]",,Macro_65
https://d3v-tomasbaidal.zendesk.com/api/v2/macros/13406625458333.json,13406625458333,Macro_66,True,2023-09-06T21:59:02Z,2023-09-06T21:59:02Z,False,10069,,"[{'field': 'status', 'value': 'pending'}, {'field': 'comment_value', 'value': 'Este es un comentario automático generado por el macro.'}]",,Macro_66
https://d3v-tomasbaidal.zendesk.com/api/v2/macros/13406622887069.json,13406622887069,Macro_67,True,2023-09-06T21:59:02Z,2023-09-06T21:59:02Z,False,10070,,"[{'field': 'status', 'value': 'pending'}, {'field': 'comment_value', 'value': 'Este es un comentario automático generado por el macro.'}]",,Macro_67
https://d3v-tomasbaidal.zendesk.com/api/v2/macros/13406625483165.json,13406625483165,Macro_68,True,2023-09-06T21:59:02Z,2023-09-06T21:59:02Z,False,10071,,"[{'field': 'status', 'value': 'pending'}, {'field': 'comment_value', 'value': 'Este es un comentario automático generado por el macro.'}]",,Macro_68
https://d3v-tomasbaidal.zendesk.com/api/v2/macros/13406608433949.json,13406608433949,Macro_69,True,2023-09-06T21:59:02Z,2023-09-06T21:59:02Z,False,10072,,"[{'field': 'status', 'value': 'pending'}, {'field': 'comment_value', 'value': 'Este es un comentario automático generado por el macro.'}]",,Macro_69
https://d3v-tomasbaidal.zendesk.com/api/v2/macros/13406651450013.json,13406651450013,Macro_7,True,2023-09-06T21:58:47Z,2023-09-06T21:58:47Z,False,10010,,"[{'field': 'status', 'value': 'pending'}, {'field': 'comment_value', 'value': 'Este es un comentario automático generado por el macro.'}]",,Macro_7
https://d3v-tomasbaidal.zendesk.com/api/v2/macros/13406625513117.json,13406625513117,Macro_70,True,2023-09-06T21:59:03Z,2023-09-06T21:59:03Z,False,10073,,"[{'field': 'status', 'value': 'pending'}, {'field': 'comment_value', 'value': 'Este es un comentario automático generado por el macro.'}]",,Macro_70
https://d3v-tomasbaidal.zendesk.com/api/v2/macros/13406595716765.json,13406595716765,Macro_71,True,2023-09-06T21:59:03Z,2023-09-06T21:59:03Z,False,10074,,"[{'field': 'status', 'value': 'pending'}, {'field': 'comment_value', 'value': 'Este es un comentario automático generado por el macro.'}]",,Macro_71
https://d3v-tomasbaidal.zendesk.com/api/v2/macros/13406608470429.json,13406608470429,Macro_72,True,2023-09-06T21:59:03Z,2023-09-06T21:59:03Z,False,10075,,"[{'field': 'status', 'value': 'pending'}, {'field': 'comment_value', 'value': 'Este es un comentario automático generado por el macro.'}]",,Macro_72
https://d3v-tomasbaidal.zendesk.com/api/v2/macros/13406625531805.json,13406625531805,Macro_73,True,2023-09-06T21:59:03Z,2023-09-06T21:59:03Z,False,10076,,"[{'field': 'status', 'value': 'pending'}, {'field': 'comment_value', 'value': 'Este es un comentario automático generado por el macro.'}]",,Macro_73
https://d3v-tomasbaidal.zendesk.com/api/v2/macros/13406625538845.json,13406625538845,Macro_74,True,2023-09-06T21:59:04Z,2023-09-06T21:59:04Z,False,10077,,"[{'field': 'status', 'value': 'pending'}, {'field': 'comment_value', 'value': 'Este es un comentario automático generado por el macro.'}]",,Macro_74
https://d3v-tomasbaidal.zendesk.com/api/v2/macros/13406625546909.json,13406625546909,Macro_75,True,2023-09-06T21:59:04Z,2023-09-06T21:59:04Z,False,10078,,"[{'field': 'status', 'value': 'pending'}, {'field': 'comment_value', 'value': 'Este es un comentario automático generado por el macro.'}]",,Macro_75
https://d3v-tomasbaidal.zendesk.com/api/v2/macros/13406639760285.json,13406639760285,Macro_76,True,2023-09-06T21:59:04Z,2023-09-06T21:59:04Z,False,10079,,"[{'field': 'status', 'value': 'pending'}, {'field': 'comment_value', 'value': 'Este es un comentario automático generado por el macro.'}]",,Macro_76
https://d3v-tomasbaidal.zendesk.com/api/v2/macros/13406595768349.json,13406595768349,Macro_77,True,2023-09-06T21:59:05Z,2023-09-06T21:59:05Z,False,10080,,"[{'field': 'status', 'value': 'pending'}, {'field': 'comment_value', 'value': 'Este es un comentario automático generado por el macro.'}]",,Macro_77
https://d3v-tomasbaidal.zendesk.com/api/v2/macros/13406639773213.json,13406639773213,Macro_78,True,2023-09-06T21:59:05Z,2023-09-06T21:59:05Z,False,10081,,"[{'field': 'status', 'value': 'pending'}, {'field': 'comment_value', 'value': 'Este es un comentario automático generado por el macro.'}]",,Macro_78
https://d3v-tomasbaidal.zendesk.com/api/v2/macros/13406651858589.json,13406651858589,Macro_79,True,2023-09-06T21:59:05Z,2023-09-06T21:59:05Z,False,10082,,"[{'field': 'status', 'value': 'pending'}, {'field': 'comment_value', 'value': 'Este es un comentario automático generado por el macro.'}]",,Macro_79
https://d3v-tomasbaidal.zendesk.com/api/v2/macros/13406637879069.json,13406637879069,Macro_8,True,2023-09-06T21:58:47Z,2023-09-06T21:58:47Z,False,10011,,"[{'field': 'status', 'value': 'pending'}, {'field': 'comment_value', 'value': 'Este es un comentario automático generado por el macro.'}]",,Macro_8
https://d3v-tomasbaidal.zendesk.com/api/v2/macros/13406595790493.json,13406595790493,Macro_80,True,2023-09-06T21:59:05Z,2023-09-06T21:59:05Z,False,10083,,"[{'field': 'status', 'value': 'pending'}, {'field': 'comment_value', 'value': 'Este es un comentario automático generado por el macro.'}]",,Macro_80
https://d3v-tomasbaidal.zendesk.com/api/v2/macros/13406638290077.json,13406638290077,Macro_81,True,2023-09-06T21:59:06Z,2023-09-06T21:59:06Z,False,10084,,"[{'field': 'status', 'value': 'pending'}, {'field': 'comment_value', 'value': 'Este es un comentario automático generado por el macro.'}]",,Macro_81
https://d3v-tomasbaidal.zendesk.com/api/v2/macros/13406595800861.json,13406595800861,Macro_82,True,2023-09-06T21:59:06Z,2023-09-06T21:59:06Z,False,10085,,"[{'field': 'status', 'value': 'pending'}, {'field': 'comment_value', 'value': 'Este es un comentario automático generado por el macro.'}]",,Macro_82
https://d3v-tomasbaidal.zendesk.com/api/v2/macros/13406638314781.json,13406638314781,Macro_83,True,2023-09-06T21:59:06Z,2023-09-06T21:59:06Z,False,10086,,"[{'field': 'status', 'value': 'pending'}, {'field': 'comment_value', 'value': 'Este es un comentario automático generado por el macro.'}]",,Macro_83
https://d3v-tomasbaidal.zendesk.com/api/v2/macros/13406595819677.json,13406595819677,Macro_84,True,2023-09-06T21:59:07Z,2023-09-06T21:59:07Z,False,10087,,"[{'field': 'status', 'value': 'pending'}, {'field': 'comment_value', 'value': 'Este es un comentario automático generado por el macro.'}]",,Macro_84
https://d3v-tomasbaidal.zendesk.com/api/v2/macros/13406595827997.json,13406595827997,Macro_85,True,2023-09-06T21:59:07Z,2023-09-06T21:59:07Z,False,10088,,"[{'field': 'status', 'value': 'pending'}, {'field': 'comment_value', 'value': 'Este es un comentario automático generado por el macro.'}]",,Macro_85
https://d3v-tomasbaidal.zendesk.com/api/v2/macros/13406595832989.json,13406595832989,Macro_86,True,2023-09-06T21:59:07Z,2023-09-06T21:59:07Z,False,10089,,"[{'field': 'status', 'value': 'pending'}, {'field': 'comment_value', 'value': 'Este es un comentario automático generado por el macro.'}]",,Macro_86
https://d3v-tomasbaidal.zendesk.com/api/v2/macros/13406638343709.json,13406638343709,Macro_87,True,2023-09-06T21:59:07Z,2023-09-06T21:59:07Z,False,10090,,"[{'field': 'status', 'value': 'pending'}, {'field': 'comment_value', 'value': 'Este es un comentario automático generado por el macro.'}]",,Macro_87
https://d3v-tomasbaidal.zendesk.com/api/v2/macros/13406625637149.json,13406625637149,Macro_88,True,2023-09-06T21:59:08Z,2023-09-06T21:59:08Z,False,10091,,"[{'field': 'status', 'value': 'pending'}, {'field': 'comment_value', 'value': 'Este es un comentario automático generado por el macro.'}]",,Macro_88
https://d3v-tomasbaidal.zendesk.com/api/v2/macros/13406639856669.json,13406639856669,Macro_89,True,2023-09-06T21:59:08Z,2023-09-06T21:59:08Z,False,10092,,"[{'field': 'status', 'value': 'pending'}, {'field': 'comment_value', 'value': 'Este es un comentario automático generado por el macro.'}]",,Macro_89
https://d3v-tomasbaidal.zendesk.com/api/v2/macros/13406625148829.json,13406625148829,Macro_9,True,2023-09-06T21:58:47Z,2023-09-06T21:58:47Z,False,10012,,"[{'field': 'status', 'value': 'pending'}, {'field': 'comment_value', 'value': 'Este es un comentario automático generado por el macro.'}]",,Macro_9
https://d3v-tomasbaidal.zendesk.com/api/v2/macros/13406651949853.json,13406651949853,Macro_90,True,2023-09-06T21:59:08Z,2023-09-06T21:59:08Z,False,10093,,"[{'field': 'status', 'value': 'pending'}, {'field': 'comment_value', 'value': 'Este es un comentario automático generado por el macro.'}]",,Macro_90
https://d3v-tomasbaidal.zendesk.com/api/v2/macros/13406608637341.json,13406608637341,Macro_91,True,2023-09-06T21:59:09Z,2023-09-06T21:59:09Z,False,10094,,"[{'field': 'status', 'value': 'pending'}, {'field': 'comment_value', 'value': 'Este es un comentario automático generado por el macro.'}]",,Macro_91
https://d3v-tomasbaidal.zendesk.com/api/v2/macros/13406651966493.json,13406651966493,Macro_92,True,2023-09-06T21:59:09Z,2023-09-06T21:59:09Z,False,10095,,"[{'field': 'status', 'value': 'pending'}, {'field': 'comment_value', 'value': 'Este es un comentario automático generado por el macro.'}]",,Macro_92
https://d3v-tomasbaidal.zendesk.com/api/v2/macros/13406595888797.json,13406595888797,Macro_93,True,2023-09-06T21:59:09Z,2023-09-06T21:59:09Z,False,10096,,"[{'field': 'status', 'value': 'pending'}, {'field': 'comment_value', 'value': 'Este es un comentario automático generado por el macro.'}]",,Macro_93
https://d3v-tomasbaidal.zendesk.com/api/v2/macros/13406608651805.json,13406608651805,Macro_94,True,2023-09-06T21:59:09Z,2023-09-06T21:59:09Z,False,10097,,"[{'field': 'status', 'value': 'pending'}, {'field': 'comment_value', 'value': 'Este es un comentario automático generado por el macro.'}]",,Macro_94
https://d3v-tomasbaidal.zendesk.com/api/v2/macros/13406608656413.json,13406608656413,Macro_95,True,2023-09-06T21:59:10Z,2023-09-06T21:59:10Z,False,10098,,"[{'field': 'status', 'value': 'pending'}, {'field': 'comment_value', 'value': 'Este es un comentario automático generado por el macro.'}]",,Macro_95
https://d3v-tomasbaidal.zendesk.com/api/v2/macros/13406639902237.json,13406639902237,Macro_96,True,2023-09-06T21:59:10Z,2023-09-06T21:59:10Z,False,10099,,"[{'field': 'status', 'value': 'pending'}, {'field': 'comment_value', 'value': 'Este es un comentario automático generado por el macro.'}]",,Macro_96
https://d3v-tomasbaidal.zendesk.com/api/v2/macros/13406595909277.json,13406595909277,Macro_97,True,2023-09-06T21:59:10Z,2023-09-06T21:59:10Z,False,10100,,"[{'field': 'status', 'value': 'pending'}, {'field': 'comment_value', 'value': 'Este es un comentario automático generado por el macro.'}]",,Macro_97
https://d3v-tomasbaidal.zendesk.com/api/v2/macros/13406595913885.json,13406595913885,Macro_98,True,2023-09-06T21:59:10Z,2023-09-06T21:59:10Z,False,10101,,"[{'field': 'status', 'value': 'pending'}, {'field': 'comment_value', 'value': 'Este es un comentario automático generado por el macro.'}]",,Macro_98
https://d3v-tomasbaidal.zendesk.com/api/v2/macros/13406625745053.json,13406625745053,Macro_99,True,2023-09-06T21:59:11Z,2023-09-06T21:59:11Z,False,10102,,"[{'field': 'status', 'value': 'pending'}, {'field': 'comment_value', 'value': 'Este es un comentario automático generado por el macro.'}]",,Macro_99
https://d3v-tomasbaidal.zendesk.com/api/v2/macros/6241748885533.json,6241748885533,Order Issue Promo Code > Customer,True,2022-08-08T21:01:00Z,2022-08-08T21:01:00Z,False,10000,,"[{'field': 'status', 'value': 'pending'}, {'field': 'comment_value_html', 'value': '<p>hola</p>'}]",,Order Issue Promo Code > Customer
https://d3v-tomasbaidal.zendesk.com/api/v2/macros/4690004650909.json,4690004650909,Take it!,True,2022-05-15T09:27:53Z,2022-03-28T13:47:03Z,False,9999,,"[{'field': 'group_id', 'value': 'current_groups'}, {'field': 'assignee_id', 'value': 'current_user'}]",,Take it!
